页码,微博id,微博bid,微博作者,发布时间,微博内容,转发数,评论数,点赞数
1,2057327125,Nll9QpbNt,人民视频,2023-09-28 08:30:00,【#高校学生用积木修复墙面#】9月26日，湖南湘潭。湖南科技大学内一水泥墙面开裂受损，同学使用彩色积木进行修补，起重机等施工器材在墙面上摆饰细节满满，该区域已经成为同学们的打卡点。 人民视频的微博视频 ,17,5,222
1,5517771876,NlP6TbYER,-西野呼啸鹰-,2023-10-01 12:45:06,文明其精神，野蛮其体魄，非常有意义的一次军训，新生第一堂课@湖南科技大学 -西野呼啸鹰-的微博视频 ,26,15,172
1,5307012945,NlRA0vytK,-四分三十三秒-,2023-10-01 19:02:21,湖南科技大学。 ,27,18,458
1,5977306811,Noj2Kak8S,南妖北辰,2023-10-17 20:37:55,湖南科技大学考研湖南科技大学考研求问湖科大考研中国史压分吗歧视吗？ ,0,1,0
1,1986888471,Noj1q3MCm,长沙校园,2023-10-17 20:34:39,#蜡笔小新拍下的湖南高校#  你想要照片合集嘛那就摆好姿势吧看看湖南的高校，姿势摆的还不错吧 （图片源自：@湖南科技大学 ） 长沙校园的微博视频 ,0,0,0
1,5885539809,NoiFAlo1T,易悠岚LKD,2023-10-17 19:40:52,湖南科技大学#迎新之夜呼叫所有新同学##微博迎新之夜# 微博迎新之夜来啦 所以新同学快来参与吧 ,0,0,4
1,6463031380,NohiUAl0S,小A的留学课堂,2023-10-17 16:12:16,#小a的留学分享#  🇬🇧👦🏻  曼彻斯特大学通信工程硕士 湖南科技大学电子信息类学士 💡【留学分享】 花大价钱出国留学却要回国工作 这样的人生值得吗？ 🔻𝑨𝒃𝒐𝒖𝒕🔻  🌵 Part 1: 纠结 🌵 Part 2: 探索 🌵 Part 3: 准备 🌵 Part 4: 揭幕 🌵 Part 5: 融入 🌵 Par ...全文,2,0,0
1,6992927739,NogMPoBkA,Martin_Chou03,2023-10-17 14:53:13,湖南科技大学 彦祖们亦菲们，求一份创业基础课的创业计划书和ppt，哥们明天要上台路演还一点准备没有请喝一杯奶茶，求求各位了 ,0,0,0
1,5238325425,NogEM44CP,栗子随想录,2023-10-17 14:33:21,湖南科技大学安克内推～ 【考研考公入伍，不收取违约金】 💡安克创新24届校招火热进行中，发出500+offer集结全球创造者！💡 【💪海归&amp;语言类专场宣讲会】 安克创新视频号10月19日（本周四）20:00 国际化的安克创新，助你成为有国际化视野的职场精英 【🤨安克创新是谁】 ✨2022年全球营 ...全文,0,4,1
1,6031161998,NogbuyLqK,y阿鹿牛牛牛420,2023-10-17 13:21:13,湖南科技大学考研还在为考研所烦恼么，我们的孜料已经备齐，需要各种讲解的同学欢迎伽入我们25湘潭大学考研裙  ，我们的蔻蔻裙 ,0,1,0
1,5048382993,NoeKR1lJP,Amonologue0805,2023-10-17 09:42:51,湖南科技大学 收电动车！！！upup ,0,0,0
2,2240451483,Noa9zmZ21,湖南科技大学微博协会,2023-10-16 22:00:01,#湖南科技大学微博协会超话# #晚安湖科大# #湖南科技大学超话 #  晚安，湖科大! ,0,1,2
2,5885539809,No9DOsTUQ,易悠岚LKD,2023-10-16 20:41:47,湖南科技大学#微博迎新之夜##张远喊你关注微博迎新之夜#  微博迎新之夜来啦！ ,0,0,0
2,7482028271,No9xNycJR,Lnnn902,2023-10-16 20:26:58,湖南科技大学 家人们有没有运动会的消息，几号啊 ,0,3,0
2,5491803509,No9vMBUyI,和风很nice,2023-10-16 20:22:00,湖南科技大学考研 请问前置要求发送到管理人员邮箱，有人收到回复吗？什么时候会有回复？ ,0,0,0
2,7261166886,No95ZpP4i,六了个熏挞,2023-10-16 19:18:27,湖南科技大学科大🈶🈚狼人杀的小伙伴啊 ,0,0,0
2,6335344663,No8ivnwtx,小流萤qqq,2023-10-16 17:16:32,#湖南科技大学研究生#请问科大的学科教学思政上岸要多少分？想考贵校的研究生。 ,0,0,0
2,2061840907,No7Dtov69,三湘四水-文旅湖南,2023-10-16 15:35:26,【#湖南获批9项国家社科基金艺术学项目#】近日，文化和旅游部公布《2023年度国家社科基金艺术学项目立项名单》，湖南9个项目获批，包括8个“一般项目”和1个“青年项目”。其中，湖南师范大学4个项目，湖南大学、中南大学、湖南工业大学、湖南科技大学、长沙学院各1个项目。 2023年度国家社会科学基金 ...全文,0,0,0
2,1986888471,No6AluxBD,长沙校园,2023-10-16 12:55:00,【#湖南校园里的秋日图鉴#】 一年秋意浓，十里桂花香。一簇簇金黄色的花蕊，点缀在绿油油的枝头上。微风拂过，枝丫摇晃，花瓣飘落，是隔着屏幕都能闻到的芬芳~和沙沙一起共赴一场秋日之约吧！  #独属湖南学子的新学期浪漫#  via：@湖南科技大学 长沙校园的微博视频 ,0,0,1
2,6418260615,No5VolUWm,读研ing,2023-10-16 11:14:06,湖南科技大学 没有时间回学校， 有偿代领专八证书 ,0,3,0
3,6332525477,No5DUwaEt,用户6332525477,2023-10-16 10:31:02,湖南科技大学考研 求一份617和838哲学的历年真题 ,0,5,0
3,5373110877,No5tWnb83,yakim维C,2023-10-16 10:06:28,湖南科技大学  哪位克拉妹能出租我克拉棒呢拜托了🥺我会非常爱护的 ,0,0,0
3,2240451483,No5rk4gFb,湖南科技大学微博协会,2023-10-16 10:00:01,#湖南科技大学微博协会超话# #早安湖科大# #湖南科技大学超话 #  早安，湖科大！ ,0,0,0
3,7295281068,No1LV4s2Q,大嘴小姜爱吃香菜,2023-10-16 00:39:46,湖南科技大学 ✌️ ,0,0,0
3,6125001486,NnZGAbFQq,自明诚熊,2023-10-15 19:21:08,湖南科技大学庄子《列御寇 》之二十三  以不平平，其平也不平；以不征征，其征也不征。明者唯为之使，神者征之。夫明之不胜神也久矣，而愚者恃其所见入于人，其功外也，不亦悲乎！   译文： 用不平的（标准）平衡（事物），平的也不平。用不能验证的（东西）来验证，能验证的也不能验证。眼睛 ...全文,0,0,0
3,5653468037,NnZC1qDue,小娜早点睡o,2023-10-15 19:09:54,湖南科技大学 运动会什么时候 ,0,0,0
3,5413856162,NnY44yHLK,来往的风m,2023-10-15 15:13:31,湖南科技大学考研 有出818流体力学真题吗 ,0,1,0
3,5202716329,NnXoxlZUy,徐玉兵bB,2023-10-15 13:31:10,湖南科技大学 给忙碌的自己听点舒服的音乐洗涤一下自己的灵魂。 湘潭·湖南科技大学 徐玉兵bB的微博视频 ,0,0,2
3,5885539809,NnXmhFlqe,易悠岚LKD,2023-10-15 13:25:38,湖南科技大学我们湖南科技大学超话群正式建立啦 欢迎大家加入一起来玩吧 湖南科技大学超话群 ,0,0,0
3,6977525832,NnWfQk0AH,飞天小野猪妈妈咪呀,2023-10-15 10:37:01,湖南科技大学 有男生想换宿舍吗 本人住七区 ,0,0,1
4,7654795612,NnSSmELti,QCZ鄒,2023-10-15 02:00:56,湖南科技大学请问一下，这个是你们学校的人吗？有谁认识的吗？ ,0,0,0
4,7035593837,NnR2ghjOR,用户7035593837,2023-10-14 21:19:48,湖南科技大学有没有学校惟新车队的进来看一看小丑？某二二车辆工程 ,0,1,4
4,5328846621,NnP1r3uCn,这没有意思,2023-10-14 16:12:17,湖南科技大学研究生公寓哈哈哈这里都没有人的吗？ ,0,0,1
4,5653468037,NnNuNlzlo,小娜早点睡o,2023-10-14 12:19:08,湖南科技大学 有人知道运动会什么时候嘛 ,0,0,1
4,1854580681,NnN8Sbn9A,西安电子科技大学,2023-10-14 11:25:06,#西安电子科技大学92周年校庆# 唯实惟新，至诚致志。感谢@湖南科技大学   的祝福！愿两校友谊长存，携手共进，一起做更好的大学！,0,0,1
4,2126925453,NnN86gVPG,湖南科技大学,2023-10-14 11:23:12,#西安电子科技大学92周年校庆# 植根红色沃土，铮铮誓言，初心若磐石 赓续时代芳华，拳拳其心，无悔担使命 九十二载风雨兼程 九十二载风华正茂 厚德求真，砺学笃行 鞭策新时代学子奋发向上 勤勉务实，敢为人先 为逐梦百年凝聚前进力量 继往开来，砥砺前行 宏图大展，再续华章 @湖南科技大学  祝 ...全文,2,1,4
4,7873508661,NnMvI4ClI,湖科大商学院研究生会,2023-10-14 09:48:38,考研 ☀️欢迎大家报考湖南科技大学商学院✨ ,0,0,4
4,7763919967,NnMs9B2H5,拍照的小懒,2023-10-14 09:39:53,#长沙理工大学#湖南科技大学 ,0,1,1
4,5854181543,NnMiliJpl,一切不变花园,2023-10-14 09:15:42,湖南科技大学考研出湖科大有机化学和无机化学的真题，今年刚上岸，之后有什么复试的问题也可以回答 ,0,1,0
4,7295281068,NnJ7BxSGT,大嘴小姜爱吃香菜,2023-10-14 01:11:01,湖南科技大学 ,0,0,0
5,7344762766,NnIHncXma,子桔子_,2023-10-14 00:06:22,湖南科技大学 商院交手机这个制度要持续多久啊…… ,0,2,0
5,1986888471,NnI7GjQfe,长沙校园,2023-10-13 22:38:27,【#欢迎收看湖南高校专属频道# 】快来看！快来看！@湖南科技大学 的留学生在体验非遗文化皮影呢湖南学子的校园生活真的是丰富多彩啊～#独属湖南学子的新学期浪漫# 长沙校园的微博视频 ,0,0,2
5,2240451483,NnHS4wecZ,湖南科技大学微博协会,2023-10-13 22:00:00,#湖南科技大学微博协会超话# #晚安湖科大# #湖南科技大学超话 #  晚安，湖科大！ ,0,1,1
5,6243879563,NnGlzxrYD,哎沐哟诶-,2023-10-13 18:07:10,说起这个“学生”，年纪比我还要大，95的，28岁。本科湖南科技大学音乐专业，后来空军当了两年，现在决定回高中重新高考，考我们这个专业，且非北电央戏不上，188的个头，目测200+斤。原本以为这是一个家底蛮殷实的人。后来才发现普通的不能再普通的一个，只不过是因为兄弟姐妹三人，只有他一个男孩， ...全文,0,5,0
5,7237249392,NnFGNiF9Y,喜欢跟你聊天的橙子,2023-10-13 16:26:43,在湘潭截止2023.10.13我们（hp）去过： 窑湾 万楼 湘潭好热 塔斯汀  华隆步步高海底捞 湘江风光带  湖南科技大学 木鱼湖公园 ,0,0,0
5,5845468679,NnEtrzSI4,守护全网最真诚的小狗-刘聪,2023-10-13 13:21:05,湖南科技大学 滴滴，找乒乓球搭子，本人研三女 ,0,1,0
5,2240451483,NnDaepZ7c,湖南科技大学微博协会,2023-10-13 10:01:00,#湖南科技大学微博协会超话# #早安湖科大# #湖南科技大学超话 #  早安，湖科大！    人生是不断与理想的自己进行比较，不是活在他人的评价之下。我们不是为了满足他人的期待而活，而是为了自己活出自己的人生。对方如何看待你，是对方的课题。愿我们都有一颗強大的內心，活出自己的光芒🌻 ,0,0,0
5,1653483527,NnCX3lFwQ,研招网,2023-10-13 09:28:32,【湖南科技大学2023年在职研究生招生简章，3.6万全程】秋季招生，为进一步服务社会需求，在人才培养上向培养高层次创新型应用人才全面转型，根据《关于进一步加强在职人员攻读硕士专业学位和授予同等学力人员硕士、博士学位管理工作的意见》（学位〔2013〕36号）、《湖南科技大学同等学力人员申请硕士 ...全文,0,0,2
5,6018711546,NnzRaiXha,允安yay,2023-10-13 01:35:47,湖南科技大学考研 有学校上岸学长整理的考研资料、真题和答案，需要的话可以和我联系咨询q1321986687，祝学弟学妹们圆梦理想院校！ ,0,1,4
5,2240451483,NnxES3tMY,湖南科技大学微博协会,2023-10-12 20:00:00,#湖南科技大学微博协会超话# #晚安湖科大# #湖南科技大学超话 #  晚安，湖科大！ ,0,1,1
6,6125001486,NnxtX9w45,自明诚熊,2023-10-12 19:33:05,湖南科技大学庄子《列御寇 》之二十二  弟子曰：“吾恐乌鸢（yuān）之食夫子也。” 庄子曰：“在上为乌鸢食，在下为蝼蚁食，夺彼与此，何其偏也。”   注释 ①夺彼与此，何其偏也：夺去彼的食物而给予此，为何这样偏心呢？  译文：弟子说：“我恐惧的是乌鸢之琢食夫子也。” 庄子说：“在上为 ...全文,0,0,0
6,2126925453,Nnxr3ndVP,湖南科技大学,2023-10-12 19:25:58,#科大要闻速读#  【重大合作‼️科大×湘煤集团】科技赋能煤炭，智慧成就未来10月10日，湖南科技大学与湘煤集团战略合作协议签约仪式举行。优势互补，互惠互利，建立全面的产学研合作关系 ,0,1,6
6,5782768874,Nnuu8vP5f,换个ID你猜我谁呢,2023-10-12 11:55:19,湖南科技大学 这就是你们引以为傲的素质吗大学生们 ,0,0,1
6,7870504410,Nnuse0irX,用户7870504410,2023-10-12 11:50:36,湖南科技大学考研  求842背诵资料 ,0,1,0
6,6619429099,Nnu657LWA,与意不归丶,2023-10-12 10:56:03,湖南科技大学湖南科技大学学校哪里可以修电脑啊 ,0,1,0
6,7735656639,Nnu3Tft1Z,Tuhand摘hoshi,2023-10-12 10:50:39,湖南科技大学车要月底才能取 要不要这么离谱啊啊啊啊啊？？？？ ,0,1,1
6,6611421570,NntMQu8Wd,香烟啤酒饮料矿泉水八宝粥,2023-10-12 10:08:40,湖南科技大学考研求学科语文专业课二836的背诵资料和真题！！谢谢谢谢 ,0,9,0
6,2240451483,NntJkpMMI,湖南科技大学微博协会,2023-10-12 10:00:00,#湖南科技大学微博协会超话# #早安湖科大# #湖南科技大学超话 #  早安，湖科大！ ,0,0,0
7,5453254374,NnmiQiaad,把所有的坏情绪都丢掉,2023-10-11 15:05:31,湖科大美食来喽！ 真·碳火烤肉 食材保证绝对新鲜 味道杠杠滴湖南科技大学#湖南科技大学# 湘潭·湖南科技大学 ,0,3,1
7,7525791743,Nnme1buQV,用户7525791743,2023-10-11 14:53:37,湖南科技大学考研球818流体力学考研真题 ,0,8,0
7,2112652542,Nnkkh9cs8,衡阳校园,2023-10-11 10:03:33,#湖南高校申请出道# #湖南高校秋日图鉴# #独属湖南学子的新学期浪漫# 湖南高校申请出道，湖南高校的浪漫无处不在，它藏在清晨的阳光里，洒在操场上，斜照在图书馆的窗户上。和沙沙一起来看看@湖南科技大学 的美景吧 长沙校园的微博视频 ,0,0,0
7,7298547729,NnjLqszsX,小榴吖梓,2023-10-11 08:37:42,湖南科技大学考研求外国语言文学，二外日语23年真题或回忆版 ,0,4,1
7,5202716329,Nngt8dLK6,徐玉兵bB,2023-10-11 00:14:23,湖南科技大学 打鼓还是快乐 湘潭·青鸟琴行(旗舰总店) 徐玉兵bB的微博视频 ,0,0,0
7,6391086618,NnfOHzaKq,您的网友小王W,2023-10-10 22:34:46,湖南科技大学考研便宜出湖科大马理论考研资料，不考了，奶茶价 ,0,0,2
7,2240451483,NnfAAiglQ,湖南科技大学微博协会,2023-10-10 22:00:00,#湖南科技大学微博协会超话# #晚安湖科大# #湖南科技大学超话 #  晚安，湖科大！ ,0,1,2
7,5624193336,NnePq5Sgz,黑黑不白_ziyi,2023-10-10 20:03:48,日常#庙里的日子#  室友被学姐安利了一家粉店，我们今天迫不及待的去尝，因为文庙这边实在是太美食荒漠了，来了南方吃得最多的就是粉，我也很爱吃，果然不负所望特别有人情味儿的一家粉店，开在老居民区里，婆婆热情地告诉我们码子和馄饨都是她早上现做的！真的很好吃，比食堂好吃100倍！ ...全文,0,2,1
7,5167260037,Nndi4v3AO,湘潭小铁,2023-10-10 16:08:54,胡贺波主持召开专题会议，研究湘潭深化校地企合作、湘潭大学城产教融合工作#中铁和著莲城#湘潭·湖南科技大学 ,0,0,0
7,5642945048,NnaYyBoSC,他们都叫我大红,2023-10-10 10:15:20,湖南科技大学请问有人知道湖科大宿舍八区那个刷脸的系统是在哪里录入人脸的吗？ 每天站着傻傻等开门 湘潭·湖南科技大学 ,0,4,0
8,2240451483,Nna5DoFRG,湖南科技大学微博协会,2023-10-10 08:00:00,#湖南科技大学微博协会超话# #早安湖科大# #湖南科技大学超话 #  早安，湖科大！ ,0,0,1
8,7770457557,Nna4i3ZSs,小z幸运星,2023-10-10 07:56:42,湖南科技大学考研 出湖科大学科思政842真题 ,0,2,0
8,6125001486,Nn6e4xt6m,自明诚熊,2023-10-09 22:09:49,湖南科技大学庄子《列御寇 》之二十一  庄子将死，弟子欲厚葬之。庄子曰：“吾以天地为棺椁，以日月为连璧，星辰为珠玑，万物为赍（jī）送。吾葬具岂不备邪？何以加此！”   注释 ①以日月为连璧：以日月为接连的碧玉。②赍（jī）送：礼物。③何以加此：还有什么要添加的？  译文：庄子将死 ...全文,0,0,0
8,6374491580,Nn5WUFAsD,海锋JHF,2023-10-09 21:27:33,湖南科技大学有商学院的博士研究生学长学姐吗？考博咨询 ,0,1,2
8,7659707746,Nn5QNfXCh,用户7659707746,2023-10-09 21:12:28,湖南科技大学考研蹲一个应用经济学上岸的学长学姐 ,0,3,0
8,6303859391,Nn5Hd5hxP,面面面包超人的名字,2023-10-09 20:48:51,湖南科技大学我恨你 ,0,0,0
8,2240451483,Nn5x7yZ7A,湖南科技大学微博协会,2023-10-09 20:24:00,#湖南科技大学微博协会超话# #晚安湖科大# #湖南科技大学超话 #  晚安，湖科大！ 让不甘平凡的心休息一下 夜晚是积攒能量最佳时刻 ,0,1,3
8,5605672503,Nn5vpF8sg,Tong木同哥,2023-10-09 20:19:48,湖南科技大学有做兼zhi的小哥哥小姐姐嘛，科大北门外面，下课时间段帮忙打包就行，烤冷面！！！！ ,0,1,0
8,6200613146,Nn4SkoKNg,一杯炒年糕_,2023-10-09 18:43:30,湖南科技大学  到底科大有没有爱丽啊我说！！ ,0,0,1
9,7426522595,Nn4nm1Sd4,吃份蛋挞挞,2023-10-09 17:27:11,“这里一切都杜绝犹豫，任何懦弱都无济于事”  23级一站上岸马理论马克思主义理论考研#考研##湖南科大70周年#湖南科技大学 ,0,1,0
9,7751693130,Nn3yS6hIS,慕橘颂,2023-10-09 15:22:49,#湖南科技大学考研# 有学长学姐有824C程序设计和数据结构真题嘛，有偿 ,0,4,0
9,7718531456,Nn3vkemdn,戒糖戒男人,2023-10-09 15:14:05,湖南科技大学 各位哥哥姐姐，求哲学往年真题和备考资料 ,0,2,0
9,7840668951,Nn2cvoN1e,方宝贝lay,2023-10-09 11:54:58,湖南科技大学 求往年和声曲式考研真题！ ,0,8,3
9,7337880041,Nn1aiaBwX,卡卡卡西哇,2023-10-09 09:16:46,湖南科技大学考研有没有学长学姐愿意辅导24级819专业课的呀 ,0,12,3
9,2240451483,Nn0F8wwUk,湖南科技大学微博协会,2023-10-09 08:00:00,#湖南科技大学微博协会超话# #早安湖科大# #湖南科技大学超话 #  早安，湖科大！ 君子有所为有所不为，知其可为而为之，知其不可为而不为。早安 ,0,1,2
9,2867522902,NmXNlyP07,6xionJ,2023-10-09 00:42:00,湖南科技大学 本人25考研，请问有没有学长学姐出哲学617马哲和838西哲的资料笔记呢 ,0,21,2
9,7295281068,NmXoFqYR9,大嘴小姜爱吃香菜,2023-10-08 23:41:12,湖南科技大学 拍了拍最近 湘潭·湖南科技大学艺术学院舞蹈系 ,0,0,1
9,7606532059,NmXiA3eFZ,不可能不下流,2023-10-08 23:26:12,湖南科技大学 想问问关于转专业的事情 有学长学姐了解吗 ,0,2,0
9,7752122308,NmX9Gb4Jg,陈平安885,2023-10-08 23:04:16,湖南科技大学请问，有没有专科考研上岸0802专业的 ,0,4,1
10,6399236386,NmWNVbmXh,拍照的桃桃,2023-10-08 22:10:40,茫茫岁月分不清何处是归期…… 湖南约拍#湘潭约拍#湖南科技大学#少女写真##古风写真# 湘潭 ,0,1,1
10,1986888471,NmWJZrHO0,长沙校园,2023-10-08 22:00:59,#晚安##独属湖南学子的新学期浪漫# 美好的一天，只需要扬起你的嘴角，带着好心情，大步向前走。晚安💤～（via.@湖南科技大学 ） ,0,15,3
10,2240451483,NmWJBgbYE,湖南科技大学微博协会,2023-10-08 22:00:01,#湖南科技大学微博协会超话# #晚安湖科大# #湖南科技大学超话 #  晚安科大！ 每个人都有自己的节奏 不必拿别人的尺子丈量自己的生活 ,0,1,2
10,6753105608,NmVWsmBS0,壮壮zz-,2023-10-08 19:58:57,马克思主义理论考研#湖南科技大学超话# 出马理论真题 ,0,1,0
10,7214159517,NmVKqevkU,用户7214159517,2023-10-08 19:29:18,湖南科技大学求846西方经济学资料 ,0,4,0
10,1011441760,NmTxZwn7n,foreverwonyoung-,2023-10-08 13:53:11,我靠我晕倒了 hhl五百四去了湖南科技大学 ,0,0,0
10,1986888471,NmRr6b7nz,长沙校园,2023-10-08 08:30:42,#在湖南高校schoolwalk##独属湖南学子的新学期浪漫# 校园里的路会陪伴我们从青涩到成熟，在平常的小路上漫步，把角落里的浪漫装裱于心间。和沙沙一起在@湖南科技大学 来一场school walk吧！#校园随手拍# ,5,8,28
10,2240451483,NmReE2PGN,湖南科技大学微博协会,2023-10-08 08:00:01,#湖南科技大学微博协会超话# #早安湖科大# #湖南科技大学超话 #  早安科大！ 万物需要阳光 ， 生活需要方向，新的一天， 用最美的姿态 ，遇见最好的自己，早安～ ,0,0,1
10,5844388585,NmNE1gLoo,心依旧不离不弃,2023-10-07 22:51:33,三个屏幕看不过来了，啊∽湖南科技大学#科研##研究生# 湘潭·湖南科技大学 ,0,0,1
11,5308878088,NmMUmblue,保利来1,2023-10-07 20:59:02,湖南科技大学找代领被tuo的电动车 有偿 ,0,0,0
11,7835667661,NmJKMBXvT,P猪猪狗狗D,2023-10-07 12:57:14,湖南科技大学有什么快递可以直接到南校菜鸟啊 ,0,2,0
11,6520883406,NmILBszpd,虾饺狗堡好好吃,2023-10-07 10:26:30,湖南科技大学 求助帖 想问下湖南科技大学学报社科版采编系统为什么登陆不进去呢 是需要校园网才能登陆吗 ,0,0,0
11,1986888471,NmIEnbTM5,长沙校园,2023-10-07 10:08:41,【#湖南学子假后的精神状态#】假后上课第一天，已经开始和朋友想象去图书馆游刃有余地学习了（via:@湖南科技大学）#一键查询湖南大学生返程精神状态# 长沙校园的微博视频 ,0,0,3
11,6399236386,NmFbzgIpc,拍照的桃桃,2023-10-07 01:19:28,07级的科大学姐，超温柔的小姐姐 出镜：安安 湖南约拍#湖南科技大学##湘潭约拍#湖南科技大学#少女写真##古风写真# 湘潭·湖南科技大学 ,0,1,2
11,7826402416,NmDzr3YNn,Emanuel-Cong,2023-10-06 21:12:47,湖南科技大学  湘潭·湖南科技大学 看了看倒数日，Day 109，已经离开科大这么久了，我蛮想回去的，但我的理智告诉我，不能回头。  国庆假期，看了前任四。相比于18年看前任三的我，有了真正意义上的感情阅历，在一些情节上，有了很强的共鸣感，更能理解何为爱而不得。整体来说，电影还是蛮贴 ...全文,0,0,0
11,1898633161,NmCv6FURt,斐常策划,2023-10-06 18:29:23,赶在校庆前回母校看了看，熟悉的感觉又回来了，当然，变化也好大呀#湖南科技大学74周年校庆#湖南科技大学 湘潭·湖南科技大学 ,0,0,1
11,5648790156,NmCb2hxsw,河南科技大学,2023-10-06 17:39:56,#湖南科技大学74周年校庆# 勉学敦行，弘文励教，启学术之航育栋梁； 励精图治，经世致用，倡海牛之光谱新章。 七十有四漫漫征程，三十万数莘莘学子； 其学其行惟真是尚，其教其研惟实是扬。 百舸争流再谱树人之章， 承先哲勋迹启后辈辉煌。 秉七旬底蕴铸千秋公器， 乘风破浪共创科大辉煌。  ...全文,2,3,15
11,6241779963,NmA7rFp7C,树胥voc,2023-10-06 12:25:36,湖南科技大学考研出湖南科技大学英语笔译真题，近两年是回忆版，有意者私 ,0,0,1
11,3161842982,NmzNA51Wr,中国人民公安大学,2023-10-06 11:36:39,"#湖南科技大学74周年校庆# 七十四载，岁月辉煌；三十万数，学子莘莘。 文以化人，业精于成；德以润身，行止于善。 兼容并包，彰大学之本；弘文励教，启学术之航。 励精图治，获博士之授权；经世致用，倡海牛之荣光。 百舸竞渡，扬帆不惧逆水；鸿图大展，成功全赖椽梁。 其学其行，惟真是尚；其教其研, ...全文",2,1,28
12,7474044183,NmzKYbpmT,千昭渝渝,2023-10-06 11:30:13,第一次坐小车从九星阳光城到湖南科技大学 ,0,11,1
12,1864464555,NmzHs73Eb,西北政法大学,2023-10-06 11:21:33,#湖南科技大学74周年校庆# 勉学敦行，弘文励教，启学术之航育栋梁； 励精图治，经世致用，倡海牛之光谱新章。 七十有四漫漫征程，三十万数莘莘学子； 其学其行惟真是尚，其教其研惟实是扬。 百舸争流再谱树人之章 承先哲勋迹启后辈辉煌 秉七旬底蕴铸千秋公器， 乘风破浪共创科大辉煌。 @西北政法大学   ...全文,100,40,192
12,1854580681,NmzBu6nKQ,西安电子科技大学,2023-10-06 11:06:51,"#湖南科技大学74周年校庆# 七十四载，岁月辉煌；三十万数，学子莘莘。 文以化人，业精于成；德以润身，行止于善。 兼容并包，彰大学之本；弘文励教，启学术之航。 励精图治，获博士之授权；经世致用，倡海牛之荣光。 百舸竞渡，扬帆不惧逆水；鸿图大展，成功全赖椽梁。 其学其行，惟真是尚；其教其研, ...全文",0,2,9
12,6179520630,NmzaXpUYD,历下发布,2023-10-06 10:01:30,湖南科技大学，新生军训总结大会。网友：军训方阵表演天花板。来源：湖南科技大学 历下发布的微博视频 ,0,1,1
12,5311280962,NmyHVfwfW,一人也行,2023-10-06 08:49:57,湖南科技大学考研 请问有学科语文835资料吗 ,0,0,0
12,5250106023,NmvneoP8l,熙熙涵儿-,2023-10-06 00:20:45,湖南科技大学考研 蹲学科化学资料和333！万分感谢！ ,0,14,0
12,2240451483,Nmus6jXJX,湖南科技大学微博协会,2023-10-05 22:00:00,#湖南科技大学微博协会超话# #晚安湖科大# #湖南科技大学超话 #  晚安，湖科大！ ,0,1,2
12,6559904692,NmuipE8OX,君卿mmm,2023-10-05 21:36:08,湖南科技大学有没有韩娱姐妹阿米恩静moa都可以来还有和睦真嘟很需要 ,0,0,0
12,6399236386,NmtxjAZXM,拍照的桃桃,2023-10-05 19:40:06,超喜欢，终于修出来啦 九宫格根本发不完 小姐姐气质好好 小姐姐朋友自己建的房子，仅此一套 超出片！ 出镜：心小星 湖南约拍湖南科技大学#湘潭约拍##古风写真##少女写真##清冷风# 湘潭·湖南科技大学 ,1,0,1
12,5464215533,Nms1ZuPgM,_dlwlrmau,2023-10-05 15:50:11,湖南科技大学考研 有学长学姐出无机化学611和有机化学825的往年真题吗，或者其他相关资料，有偿求 ,0,12,0
13,6251478745,Nmrzk7UDs,Leehao_Yang,2023-10-05 14:39:33,湖南科技大学考研 请问有考湖科大现代技术教育相关的资料和信息吗 ,0,4,0
13,2023461197,NmpXcFm5R,周少说,2023-10-05 10:32:54,天呐！终于有人将湖南省本科院校分布说明白了，并且还在地图上标注了出来，其中长沙24所，有国防科大、中南大学、湖南大学等高校。衡阳6所，有衡阳师范学院、南华大学和湖南工学院等。湘潭市3所，有湘潭大学、湖南科技大学和湖南工程学院。看完之后，不得不说简直太适合家长们学习了解了。特别是湖南省 ...全文,1,1,12
13,2240451483,NmoX97HBl,湖南科技大学微博协会,2023-10-05 08:00:00,#湖南科技大学微博协会超话# #早安湖科大# #湖南科技大学超话 #  早安！湖科大。 ,0,1,4
13,5293335778,NlSuaiCwm,空天砺剑,2023-10-01 21:20:42,@湖南科技大学 不愧是伟人故里的高校！ ,44,27,1153
13,6463500289,Nmld0ke8q,liu-superlit,2023-10-04 22:28:05,湖南科技大学蹲学科语文835真题 ,0,0,3
13,6549081180,NmkQjbbL1,H阿函,2023-10-04 21:32:10,湖南科技大学 湖南科技大学校级科协会的群怎么加呀 ,0,0,0
13,6449827298,Nmktet8u9,是你的宝贝没错了zy,2023-10-04 20:35:19,时隔三年，我又回来啦~~ 看图猜地方：图6是哪儿 湖南科技大学 湘潭·湖南科技大学 ,0,7,15
13,6588043819,NmiJWjXyJ,南有茄鱼,2023-10-04 16:10:59,湖南科技大学 求现代教育技术844资料 ,0,1,0
13,3905001157,NmhNUFKIx,二赤赤赤,2023-10-04 13:48:02,#湖南科技大学# 学生的课程作业 湘潭·湖南科技大学 二赤赤赤的微博视频 ,0,1,0
13,1708159150,NmgfvpKLI,中国大学生在线,2023-10-04 09:50:31,#共赏大美校园# 【这泼天的馥桂到你啦‼️】香迷糊啦又是一年桂花飘香，满园芬芳度昏黄。金秋十月，往往先发现桂花的不是眼睛，而是鼻子，每当馥郁香甜的香气萦绕鼻尖，大家便知晓：秋天已到，桂花开啦！  （via.@湖南科技大学 ） ,0,0,0
14,1986888471,NmbnZuIS2,长沙校园,2023-10-03 21:27:41,#金秋十月的湖南高校#【🥰这泼天的馥桂到你啦‼️】香迷糊啦又是一年满园芬芳度昏黄金秋十月，往往先发现桂花的不是眼睛，而是鼻子[爱慕]每当馥郁香甜的香气萦绕鼻尖，大家便知晓：秋天已到，桂花开啦！  via.@湖南科技大学 ,0,0,12
14,7506416385,NmbdFtGly,林曰恒,2023-10-03 21:02:15,湖南科技大学给我个机会 ,0,0,0
14,6125001486,NmaDQbsjD,自明诚熊,2023-10-03 19:33:59,湖南科技大学庄子《列御寇 》之十九  人有见宋王者，锡车十乘。以其十乘骄稚庄子。庄子曰：“河上有家贫恃纬萧而食者，其子没于渊，得千金之珠。其父谓其子曰：‘取石来锻之！夫千金之珠，必在九重之渊而骊龙颔下。子能得珠者，必遭其睡也。使骊龙而寤，子尚奚微之有哉！’今宋国之深，非直九 ...全文,0,0,0
14,2126925453,Nm91M2rZ6,湖南科技大学,2023-10-03 15:27:27,#科大要闻速读#  【我校专项采购洞口县农产品】一辆满载农产品的大货车停在第一图书馆旁，车上满载大米及其他农产品红色横幅“湖南科技大学专项采购洞口县农产品专车”格外醒目这是我校以消费帮扶助力乡村振兴的又一次实际行动 ,0,3,10
14,7855536050,Nm8DCu8is,用户7855536050,2023-10-03 14:27:57,湖南科技大学考研 有学长学姐有湖南科技大学814环境化学的真题吗 跪求一份 ,0,2,1
14,1700087532,Nm7Gj6oOG,三湘都市报,2023-10-03 12:01:49,【气氛拉满，#湖南学子花式献礼祖国#】匕首出锋，利刃出鞘，意气风发少年行……近日，湖南科技大学军训展演上万名学生编队组成歼击机、轰炸机等，并用嘹亮的口号致敬青春，用精彩的汇演献礼祖国。（全媒体记者 杨斯涵 黄京 通讯员 唐亚慧） 三湘都市报的微博视频 ,1,0,9
14,7863437995,Nm7nJhK6W,iuydhsa,2023-10-03 11:16:03,湖南科技大学各位学长学姐们，你们有数学学硕历年真题嘛 ,0,0,0
14,6449589956,Nm6WjiFpe,小胡想要去旅行,2023-10-03 10:08:29,长图就这么模糊，这就是回忆吗，下次不许了（合照没全，还没发给我） #国庆##湖南科技大学# 湘潭·湖南科技大学 ,0,1,0
14,5330880000,Nm6Eh80Wi,遂宁河东公安,2023-10-03 09:24:03,9月30日，湖南科技大学军训展演上万名学生编队组成“毛主席头像”和“1893-2023”字样，全场所有人员齐声高唱《东方红》，以此迎接国庆、纪念毛泽东同志诞辰130周年！  #纪念毛泽东同志诞辰130周年##胸怀千秋伟业 恰是百年风华##凝心铸魂筑牢根本# 宝狮龙观天下的微博视频 ,3,1,11
14,1859891822,Nm3qPDkkP,寻古问今小龙女,2023-10-03 01:12:43,#记录旅行# 国庆特辑｜用脚步丈量伟人故里湘潭🇨🇳 湘潭是伟人毛泽东主席的故乡。国庆节到了，和几个朋友一块去湘潭玩了一天，对于这座城市我并不陌生，大学（湖南科技大学）在这里度过了几年美好时光。 以下文字按『图5』中的顺序稍做介绍 1.唐氏义门 这个牌坊门保留在湘潭的老城区城正街内，建于 ...全文,16,15,39
15,6605470103,Nm37MgR7H,_Say_it_again_,2023-10-03 00:25:45,湖南科技大学维纳斯健身房小白求带[吹风车]下午四点到七点都行 ,0,0,0
15,3199510111,Nm0az34c0,东风劲吹晴空万里,2023-10-02 16:54:23,教员的战士教员的战士湖南科技大学2023级学生军训成果汇报暨总结表彰大会，《东方红》响彻云霄！湖南科技大学的微博视频 ,1,1,11
15,1986888471,Nm09czw6P,长沙校园,2023-10-02 16:51:02,#湖南新生进入选择困难季# 军训后的湖南新生，等到假期结束该干什么了呢🤔当然是准备加入各种社团、团委、学生会啦～想知道各种各样的部门哪个最适合你吗？可别陷入选择困难症咯[你好]via.@湖南科技大学 #金秋十月的湖南高校##开学攻略# 长沙校园的微博视频 ,21,45,294
15,6261968994,Nm013t9EZ,夏天怎么可以没有雪糕,2023-10-02 16:30:58,湖南科技大学问问，高中学的日语 ,0,0,0
15,7850979292,NlZOun5TO,哦嗨呦同学,2023-10-02 16:00:00,#湖南学子花样献礼国庆# 青春燃烧，汗水滴落，@湖南科技大学 2023级用军训的圆满结束，为祖国献上属于自己的祝福[七时吉祥]#玩转开学季##校园宝藏地#  长沙校园的微博视频 ,0,0,0
15,3912707599,NlZa8q634,余干之窗微博,2023-10-02 14:20:35,文明其精神，野蛮其体魄，非常有意义的一次军训，新生第一堂课@湖南科技大学 -西野呼啸鹰-的微博视频  上饶·余干 ,0,0,2
15,6606618600,NlWwi0JKK,第二碗酥肉,2023-10-02 07:36:55,湖南科技大学有没有mpacc上岸的学姐学长🦆，或者俺也找不到湖科大的研究生考生群，蹲一下，有偿有偿 ,0,3,0
15,5922883723,NlTEzES8G,A冷畅,2023-10-02 00:19:06,我要山 要海 要自由 要繁华 要万家灯火 要国泰民安 没开玩笑 我真要 湖南科技大学 ,0,1,2
15,6415280590,NlSW6qOcb,白叔手机在充电i,2023-10-01 22:29:32,湖南科技大学烟花爆开的一刻，我由衷为祖国的繁荣感到自豪 湘潭 ,0,2,7
16,7859523513,NlR6xmeh1,八月份男友邓为,2023-10-01 17:49:45,我是其中一个 我为学校打call，祝祖国母亲生日快乐 国庆#湖南科技大学##学校##大学生# ,0,0,3
16,6916086891,NlR4VxZRq,小小小小小小小小羊-,2023-10-01 17:45:47,湖南科技大学考研有上岸理学数学的学长学姐吗 ,0,4,0
16,6869829637,NlQVuvLoz,卫希礼94125,2023-10-01 17:22:32,湖南科技大学考研求哲学考研真题 ,0,1,0
16,6399236386,NlQQPpHlS,拍照的桃桃,2023-10-01 17:11:03,很喜欢我的客妹们，好多人见面就像网友见面，有的还会给我带小礼物，喜欢这种当朋友看待而不是买卖双方的感觉。 很优秀的博士小姐姐 出镜：雨洁 湖南约拍湖南科技大学#湘潭约拍##湖南科技大学##古风写真##星汉灿烂# 湘潭·湖南科技大学 ,0,1,1
16,1725655341,NlIYwflN7,湘潭新鲜事,2023-09-30 21:08:01,【国庆气氛拉满！#湘潭高校军训摆战斗机方阵致敬先辈#】9月30日，湖南科技大学召开2023级学生军训成果汇报暨总结表彰大会，今年的军训新生们用队形表演的方式向祖国致敬，缅怀革命先辈的丰功伟绩。由23个学院，4000多人组成的队形表演，展现了两架歼—16D“潜龙”歼击机正在护航一架轰—6K“战神”轰炸 ...全文,6,10,57
16,1599589333,NlPe3xHwD,刘成春,2023-10-01 13:02:47,庆祝新中国成立74周年，湖南科技大学四千新生用队形表演的方式向祖国致敬，缅怀革命先辈的丰功伟绩。  #有一种自豪叫中国##国庆节快乐# 刘成春的微博视频 ,1,0,8
16,5520931316,NlPbiaKcX,用户5520931316,2023-10-01 12:55:58,【身着戎装，英姿飒爽！#湘潭高校军训摆战斗机方阵致敬先辈#】9月30日，在湖南科技大学2023级学生军训成果汇报暨总结表彰大会上，由23个学院，4000多人组成的队形表演，展现了两架歼—16D“潜龙”歼击机正在护航一架轰—6K“战神”轰炸机。湘潭新鲜事的微博视频 ,1,1,0
16,2192474323,NlP406QkU,农视网,2023-10-01 12:38:00,#三农头条# 【消费帮扶！湖南科技大学以实干助力乡村振兴】9月26日大清早，一辆满载农产品的大货车稳稳的停在湖南科技大学图书馆旁，车上满载5.5万余斤大米及其他农产品，车身的红色横幅“湖南科技大学专项采购洞口县农产品专车”格外醒目。这是湖南科技大学以消费帮扶助力乡村振兴的实际行动。  ...全文,0,0,1
16,7771363189,NlNDDFdH8,三农头条,2023-10-01 09:00:19,#三农头条# 【消费帮扶！湖南科技大学以实干助力乡村振兴】9月26日大清早，一辆满载农产品的大货车稳稳的停在湖南科技大学图书馆旁，车上满载5.5万余斤大米及其他农产品，车身的红色横幅“湖南科技大学专项采购洞口县农产品专车”格外醒目。这是湖南科技大学以消费帮扶助力乡村振兴的实际行动。  ...全文,0,0,1
17,7589055988,NlKCB5eoO,sweet樂le,2023-10-01 01:19:30,为什么凝晨写就是会开窍啊湖南科技大学改成半夜考行不行 ,0,3,4
17,7609580678,NlKrcDeGZ,社恐晨求救,2023-10-01 00:51:26,湖南科技大学 捞人10月1号凌晨起小绿回科大的三个美女，应该是刚刚吃完海底捞 ,0,0,0
17,7523790166,NlK2PnUJE,冰激凌奶酪棒,2023-09-30 23:51:22,湖南科技大学考研  出湖南科技大学学科语文835新换书本的资料～很全 ,0,2,0
17,6399236386,NlJpVymTo,拍照的桃桃,2023-09-30 22:15:33,本来打算拍的黄昏一直到快天黑才出门，拍成了夜景😂 从广东过来找我拍照的好朋友，上午还在打点滴下午一拍照就满血复活，我很好的默契的拍摄搭档 出镜：佩呸呸 #湘潭约拍##夜景拍摄#湖南约拍湖南科技大学#少女写真##复古写真##胶片感# 湘潭·湖南科技大学 ,0,0,1
17,5597452756,NlIH80r7N,校园碎片,2023-09-30 20:25:10,【#湖南高校用队形表演致敬祖国#】湖南科技大学四千新生用队形表演的方式向祖国致敬（via:@湖南科技大学 ）#湖南学子的军训回忆录##开学攻略#  长沙校园的微博视频 ,0,0,2
17,3976484565,NlEVU6b39,平顶山市教体局,2023-09-30 10:50:35,【#高校学生用积木修复墙面#】9月26日，湖南湘潭。湖南科技大学内一水泥墙面开裂受损，同学使用彩色积木进行修补，起重机等施工器材在墙面上摆饰细节满满，该区域已经成为同学们的打卡点。人民视频的微博视频 ,0,6,2
17,7874619145,NlE0k0kRu,归去的心海928,2023-09-30 08:28:43,湖南科技大学考研湖南科技大学考研艺术类，研究方向 音乐理论具体是啥😳，求学长学姐解答 ,0,0,2
17,7748677665,NlBgngrLo,布鲁blue0_-,2023-09-30 01:30:02,中秋快乐湖南科技大学 湘潭·湖南科技大学 ,0,0,1
17,6125001486,Nlzo4qaqd,自明诚熊,2023-09-29 20:43:30,湖南科技大学庄子《列御寇 》之十八  穷有八极，达有三必，形有六府。美、髯、长、大、壮、丽、勇、敢，八者俱过人也，因以是穷。缘循、偃佒、困畏不若人，三者俱通达。知慧外通，勇动多怨，仁义多责。达生之情者傀，达于知者肖，达大命者随，达小命者遭。  注释：①穷有八极，达有三必，形有 ...全文,0,0,0
17,5852493754,NlzlqlTQg,用户5852493754,2023-09-29 20:36:59,湖南科技大学求分析题题库 ,0,0,0
18,5852493754,NlzldrgNh,用户5852493754,2023-09-29 20:36:28,湖南科技大学求学科英语真题 ,0,0,0
18,5852493754,Nlzl1lwSq,用户5852493754,2023-09-29 20:35:59,湖南科技大学求司南839考研资料 ,0,0,0
18,5852493754,NlzkUdQIg,用户5852493754,2023-09-29 20:35:42,湖南科技大学求司南333统考资料 ,0,0,0
18,5852493754,NlzkNoT2E,用户5852493754,2023-09-29 20:35:26,湖南科技大学求333统考资料 ,0,1,0
18,5852493754,Nlzdy1MpV,用户5852493754,2023-09-29 20:17:34,湖南科技大学教育学考研求司南的最新333资料 ,0,0,0
18,5852493754,NlzcbtP3b,用户5852493754,2023-09-29 20:14:13,湖南科技大学教育学考研求学科英语的真题 ,0,1,0
18,5852493754,NlzbVqSHA,用户5852493754,2023-09-29 20:13:34,湖南科技大学教育学考研想要333统考选择题刷题库 ,0,0,0
18,5852493754,NlzbwDK0k,用户5852493754,2023-09-29 20:12:36,湖南科技大学教育学考研求839资料 ,0,0,0
18,5852493754,NlzbrDrpF,用户5852493754,2023-09-29 20:12:24,湖南科技大学教育学考研求司南333统考资料 ,0,1,0
18,2240451483,Nlw9Lb1DD,湖南科技大学微博协会,2023-09-29 12:30:00,#湖南科技大学微博协会超话# #湖南科技大学超话 #  中秋快乐！ 一起来吃湖科大牌专属月饼吧！ ,0,0,0
19,7273246623,Nlw62DAiH,脑干缺失的高度理想主义er,2023-09-29 12:20:51,湖南科技大学换学校了，出学科英语839资料（可送333） ,0,0,0
19,7776273390,NlviS3fPc,微风吹兰杜-l,2023-09-29 10:19:42,马克思主义理论    出湖南科技大学马克思马理论思政考研真题、背诵笔记、题库、视频课，需要的滴滴！！！  ,0,0,0
19,7269445367,NlpvImOvi,薯片女孩LIGHT,2023-09-28 19:34:52,湖南科技大学#微博新表情畅游# 我的运动记录 别管了 运动也是在划水的 ,0,0,0
19,5885539809,Nlpscp3sE,易悠岚LKD,2023-09-28 19:26:12,湖南科技大学微博协会#微博新表情畅游# 假期规划 已经旅游完啦 去看了大海 假期就回家躺平吧 ,0,0,1
19,3185352715,NloJVgKvj,武汉教育电视台,2023-09-28 17:37:07,【#给学校修墙的课程作业好酷#，这样的作业你想做吗？】湖南科技大学有一面墙出现了破损，近来，这面墙被人用“积木修墙”的方式修复翻新了！原来，这是该校2021级环境设计专业李韧、何鸿武、卢建、朱文韬、张新宇五位同学一起完成的公共艺术设计课程作业。作业的要求是：在一个公共的空间，设计一个可 ...全文,0,0,1
19,5245292540,NlotQyVt4,再努力一点呐_,2023-09-28 16:57:31,湖南科技大学 请问有文学的学姐学长吗？想找大三大四和研究生的学姐咨询一下 ,0,7,0
19,7742617048,NlohrlKir,月相漫漫,2023-09-28 16:26:57,湖南科技大学问问有没有以往十一在学校的，一号上午去高铁站路上堵车吗 ,0,0,0
19,6013716332,NlogqrxFy,正版洛夜,2023-09-28 16:24:27,湖南科技大学大佬们科大历史相关课程教科书都用的哪些呀 ,0,0,10
19,1656737654,NlnPzCcTf,现代快报,2023-09-28 15:18:18,#快快评#【在校园修墙，课程作业的一次美好尝试】湖南科技大学校园墙壁破损，一周内被五位大学生“修葺一新”。用什么修的呢？用积木，超酷！该校2021级环境设计专业李韧、何鸿武、卢建、朱文韬、张新宇五位同学一起完成这次“维修”，而这属于公共艺术设计的课程作业。作业题目是：在一个公共的空间， ...全文,0,0,0
19,1986888471,Nlnpf1LGq,长沙校园,2023-09-28 14:13:25,#湖南校园里的超酷打卡地# 除了《镜蝶》和《记忆之邀》，积木修墙也已成为@湖南科技大学 的一道靓丽校园风景线话不多说，趁现在赶紧去这么有趣的地方打卡拍照吧！#独属湖南学子的新学期浪漫# 长沙校园的微博视频 ,0,0,5
20,7845823732,NlngjhCob,小太阳__chen,2023-09-28 13:51:24,好烦恼，我好喜欢我们教官（教官是女孩子哦） ，我们排好多人都喜欢她，然后教官对大家都一样!，好悲伤啊，就是那种类似暗恋没有回应的悲伤 ，有人跟我同一种感受吗#教官我喜欢你##湖南科技大学##军训# 湘潭·湖南科技大学 ,0,0,0
20,1986888471,NlndUBkcA,长沙校园,2023-09-28 13:45:31,#湖南校园里的超酷打卡地# 假期不知道去哪打卡？沙沙带你先看看@湖南科技大学 校园里的超酷打卡地！不仅仅是学生的课程作业，更是一个个美好的艺术品：《镜蝶》《记忆之邀》……已经等不及去看啦！#双节假期的湖南学子# 长沙校园的微博视频 ,20,47,460
20,7426058473,NlmPoF4bn,左ass上的纹身,2023-09-28 12:45:07,湖南科技大学 六区和五区有那栋是女生宿舍呀 ,0,1,3
20,2372479913,NlmxO2M1w,中青网校园通讯社,2023-09-28 12:01:46,【厉害！#大学生用积木修复破损墙体#】近日，@湖南科技大学 内一水泥墙面开裂受损，学生用积木填补墙上的缺口，还在墙边写了提醒：“课程作业，请勿损坏。”据了解，这是该校2021级环境设计专业李韧、何鸿武、卢建、朱文韬、张新宇五位同学一起完成的，它是属于公共艺术设计的课程作业。 ...全文,0,2,24
20,2827102952,Nlmac43UR,湖北日报,2023-09-28 11:03:36,【#给学校修墙的课程作业好酷#，这样的作业你想做吗？】湖南科技大学有一面墙出现了破损，近来，这面墙被人用“积木修墙”的方式修复翻新了！原来，这是该校2021级环境设计专业李韧、何鸿武、卢建、朱文韬、张新宇五位同学一起完成的公共艺术设计课程作业。作业的要求是：在一个公共的空间，设计一个可 ...全文,0,0,3
20,7756373798,Nlls5mJ7J,广饶融媒,2023-09-28 09:14:56,【大学生用彩色积木“修补”破损墙壁 学校：赞赏创意 会好好保护】9月27日，湖南科技大学一墙面受损学生用积木进行修补#大学生用积木补墙#，其成为一道靓丽风景。画面显示，校园内一水泥墙面开裂受损同学使用彩色积木进行修补 ，起重机等施工器材在墙面上摆饰细节满满！湖南科技大学新闻中心对青蜂侠表 ...全文,0,0,0
20,6656264403,NlkYKuNIV,彭歪歪哟,2023-09-28 08:02:40,天呐真的很触动 刚刚教官在解释为什么昨天晚上把我们拦在门口在清点昨天晚上以前解散的人 让所有人坐下 慢慢的有几个人站起来 后面人越来越多 起码有个四五百吧 我以为教官会罚他们 没有想到他只是说 坐下吧 然后告诉我们不会罚他们 因为他们有勇气站起来 希望我们在以后的生活里也可以敢作敢当 勇敢承 ...全文,0,0,0
20,6577255740,Nlhzrlr6s,读完硕士再打工1,2023-09-27 23:22:04,湖南科技大学考研已上岸 出311资料 ,0,0,3
20,1887790981,NlgGbqpF4,广州日报,2023-09-27 21:05:55,【超酷！校园墙壁破损，被五位大学生用积木“修葺一新”】湖南科技大学校园里，有一面墙出现了破损情况。而近来，这面墙却被人用“积木修墙”的方式修复翻新了！原来，这是该校2021级五位环境设计专业同学一起完成的公共艺术设计课程作业。作业的要求是：在一个公共的空间，设计一个可以与人产生互动的 ...全文,1,8,36
20,6072825077,Nlgl3wv6O,lucking_fritz,2023-09-27 20:13:52,湖南科技大学 有愿意做演唱会这种抢票的吗？利润可观三张到四张 ,0,1,0
21,6132032040,NleMNmKSu,-悄悄是心上的肖肖daytoy-,2023-09-27 16:16:44,湖南科技大学考研便宜出马理论资料 ,0,0,0
21,1898633161,Nlevs6flY,斐常策划,2023-09-27 15:34:00,#大学生用积木修复墙壁#这个牛，现在缺的就是创意@湖南科技大学 ,0,0,0
21,2125007121,Nle2liFoG,想要改名字又不知道改什么,2023-09-27 14:22:17,湖南科技大学  求小教最新真题及解析 ,0,0,0
21,2125007121,Nle1TsH5B,想要改名字又不知道改什么,2023-09-27 14:21:11,湖南科技大学考研  求小教最新真题及解析 ,0,4,0
21,6353999804,NldQvhqEO,麻辣烫要加香菜吖ii,2023-09-27 13:53:07,湖南科技大学教育学考研蹲一个司南841真题解析 ,0,0,0
21,6353999804,NldQihknl,麻辣烫要加香菜吖ii,2023-09-27 13:52:36,湖南科技大学考研蹲一个司南841真题解析 ,0,0,0
21,6447737045,Nldtp1s2T,多想住在西瓜里,2023-09-27 12:56:12,湖南科技大学考研湖南科技大学考研湖科大学科思政 专二刘强136高分笔记+真题+专二划重点视频+课后习题答案及其他视频及资料 / 专业一教育综合333 真题+详细答案 +专一划重点视频+ 背诵技巧经验 无偿分享备考经验 ,0,1,2
21,7866788866,NlcMHFfFA,用户7866788866,2023-09-27 11:11:01,湖南科技大学教育学考研有没有333模拟卷啊，sn的模拟卷有解析的嘛，求 ,0,1,0
22,7866648936,NlcLB62fY,樱桃ya小丸犊子,2023-09-27 11:08:17,湖南科技大学教育学考研是不是要开始模拟考了，有出sn的333模拟卷嘛 ,0,0,0
22,6686947183,Nl6ocbAbK,湖南的百晓生,2023-09-26 18:54:09,【#学生用积木修复破损的墙壁#】9月26日，湖南湘潭。湖南科技大学破损的墙壁被积木修复，原来是学生的课程作业，谁家的作业是给学校装修啊？(湖南科技大学)#湖南大学2023开学季##开学季# 湖南的百晓生的微博视频 ,6,11,25
22,7479078990,NlchilCBo,暴走椰椰sa,2023-09-27 09:53:38,湖南科技大学考研 我是英语专业 通过了高中英语教资笔试和面试 但是还没有资格认定 考学科英语是可以的莫？？ ,0,1,0
22,7479078990,NlcfkD8vq,暴走椰椰sa,2023-09-27 09:48:48,湖南科技大学考研 有人出司南839的资料和书嘛 ,0,7,0
22,5831119691,NlbJ24caj,柚子言言,2023-09-27 08:29:12,湖南科技大学考研求司南学科语文新资料（换书了） ,0,0,0
22,5831119691,NlbIUtGFo,柚子言言,2023-09-27 08:28:54,湖南科技大学考研求司南统考333资料 ,0,0,0
22,7832227974,Nl7T4dtJx,lucky__dairy,2023-09-26 22:42:57,湖南科技大学被限制跨考了，出司南湖南科技大学843学科数学课程(价格可议)，需要dd ,0,1,0
22,6125001486,Nl771AoFH,自明诚熊,2023-09-26 20:44:36,湖南科技大学庄子《列御寇 》之十七  贼莫大乎德有心而心有睫，及其有睫也而内视，内视而败矣。凶德有五，中德为首，何谓中德？中德也者，有以自好也而吡其所不为者也。  注释：①贼莫大乎德有心而心有睫：盗贼没有比有心之德更可怕的了，有心之德其心有眼睛。②及其有睫也而内视，内视而败矣 ...全文,0,0,0
22,3346834770,Nl6WmlanK,玛不丽苏苏,2023-09-26 20:18:19,#湖南科技大学##哲学# 报了湖科的哲学，请问有没有直系学姐学长呀 ,0,7,1
22,7412003122,Nl6TO0v3W,月光常常常常常至故里,2023-09-26 20:12:01,湖南科技大学考研求求839现外背诵资料，最好是司南的 ,0,1,1
23,2241189581,Nl6qnjrEK,我在湖南上学,2023-09-26 18:59:30,【#学生用积木修复破损的墙壁#】9月26日，湖南湘潭。湖南科技大学破损的墙壁被积木修复，原来是学生的课程作业，谁家的作业是给学校装修啊？(湖南科技大学)#湖南大学2023开学季# 湖南的百晓生的微博视频 ,1,0,0
23,1826549532,Nl6cdEoD4,湖南科技大学考研团,2023-09-26 18:24:39,湖南科技大学各个学校网上预报名已经陆续开始啦，同学们千万不要错过了重要的报名时间噢～欢迎大家加入大组织，及时掌握考研的各类动向 ,0,12,0
23,3833828135,Nl5Z5lhT2,想说啥没有烦恼,2023-09-26 17:52:16,湖南科技大学  今天下午摆字好开心啊啊啊一直坐着玩，然后移动摆字！然后下午摆好了晚上就不训练了哦！虽然今天会推迟下训！！但是真的不要晚训啊啊啊 ,0,2,3
23,7862861657,Nl5EilNdw,家有充电宝-,2023-09-26 17:01:04,湖南科技大学考研  求心理健康教育非全上岸的学长学姐 必须要有三年工作经验还是毕业三年就可以报考？ ,0,0,0
23,7727769904,Nl5zb0rOm,湖南教育发布,2023-09-26 16:48:27,#2023湖南高校最美军训瞬间# 看湖南科技大学潇湘学院的新生们勇敢向前，顽强拼搏，他们用汗水丈量大地，他们在此收获了珍贵友谊，他们在教官严格带领和助班悉心关爱下习得本领。 #爱国强军##戎装展英姿##飞扬正青春# 湖南教育发布的微博视频 ,4,3,17
23,6353999804,Nl5jQnhnX,麻辣烫要加香菜吖ii,2023-09-26 16:10:41,湖南科技大学教育学考研有人有司南统考333刷题的资料嘛，是用小程序还是纸质资料哇 ,0,3,0
24,7416216286,Nl53aw30S,教育学谢康康,2023-09-26 15:29:36,💢大改！湖南科技大学  9月20号，湖南科技大学公布招生目录和参考书目。简单来说，全面限考，部分专业都有所变动，先来看看具体有哪些变动↓↓ ↓  1⃣816学科地理 参考书无变动。 限制跨考，拟招人数为：全日制 10+非全 15； 2⃣827学科化学 拟招人数为全日制19+非全5 ，限制跨考，参考书目不变； 3 ...全文,0,0,1
24,7052980191,Nl52Fq4zF,司南考研教育,2023-09-26 15:28:22,💢大改！湖南科技大学  9月20号，湖南科技大学公布招生目录和参考书目。简单来说，全面限考，部分专业都有所变动，先来看看具体有哪些变动↓↓ ↓  1⃣816学科地理 参考书无变动。 限制跨考，拟招人数为：全日制 10+非全 15； 2⃣827学科化学 拟招人数为全日制19+非全5 ，限制跨考，参考书目不变； 3 ...全文,0,0,0
24,3163613683,Nl4xOaPC7,嘘柱哥,2023-09-26 14:12:19,求 sn的资料新统考333  有出的吗  2022湖南科技大学教育学考研 ,0,0,0
24,3163613683,Nl4xvwC4X,嘘柱哥,2023-09-26 14:11:36,求一份  学科数学 新大纲资料和课程  有机构整理好的吗？ 最好是sn的。别的不要  湖南科技大学教育学考研 ,0,2,0
24,2038218622,Nl2sYaQU6,湘潭台,2023-09-26 08:54:55,【教育部科技部自然资源部中共湖南省委联合印发《关于开展向万步炎同志学习活动的决定》】万步炎，男，汉族，1964年1月生，湖南华容人，中共党员，现为湖南科技大学教授、博士生导师，第十四届全国人大代表。万步炎同志从事科研工作30多年如一日，聚焦国家重大战略需求，带领团队开拓创新，勇攀科技高 ...全文,0,0,0
24,6499290871,Nl26B1T9M,anti_ti_ti_ti_ti,2023-09-26 07:59:47,湖南科技大学9月30号晚上麻将三缺一，有哪位帅哥美女来不？大概下午三四点开始，不打钱的，快来快来 ,0,2,2
24,7464410241,Nl26ka978,圆-Yuannn,2023-09-26 07:59:08,湖南科技大学 谁30号下午来打麻将啊🀄️三缺一了不打钱 ,0,4,4
24,2727296177,NkYaypVjV,君仔码头_Z,2023-09-25 21:58:34,湖南科技大学 科大可以买到专属月饼吗 ,0,0,0
24,2063019871,NkY1Iydms,衡阳县公安局,2023-09-25 21:36:48,【观摩战术……反恐宣传进高校】今】9月25日，@湘潭公安 巡特警支队受邀参加湖南科技大学反恐防暴演练活动。活动中，特警队员圆满完成了枪战术科目，全体参加民警紧握手中钢枪，立姿持枪、高跪持枪、蹲式持枪、仰卧持枪......动作规范、配合默契，运用各种战术手语进行“无声操作”，一举一动，体现出 ...全文,0,0,0
25,5614035771,NkXxzwNs1,多肉甜昕,2023-09-25 20:22:32,不错的最近  #湖南科技大学##分享照片# 湘潭·湖南科技大学雨湖校区 ,0,3,5
25,7851137403,NkX9wuIDw,寒潭202307,2023-09-25 19:23:16,#bilibili# 湖南科技大学军训团的视频2023级的小萌新们，你们的教官已经就位啦！ ,0,1,1
25,7727769904,NkWPVnFAM,湖南教育发布,2023-09-25 18:35:00,#2023湖南高校最美军训瞬间# 看耀眼的迷彩服，记录着湖南科技大学学子们热烈灿烂的青春。初晨的阳光挥洒在军装之上，夜晚的灯光照耀在青年人肩膀上，洪亮的口号响彻校园！#爱国强军##戎装展英姿##飞扬正青春# 湖南教育发布的微博视频 ,4,6,31
25,6068931106,NkK5EnTn4,动画境界线,2023-09-24 10:08:02,湖南科技大学2023级新生军训现场视频🏫#上热门# #湖南科技大学# #新生军训# #校园生活# 这是十六连齐白石艺术学院的军爷们🫡 动画境界线的微博视频 ,0,0,2
25,2737798435,NkWhPw8eY,微言教育,2023-09-25 17:11:00,#教育头条#【向万步炎同志学习】近日，教育部、科技部、自然资源部、中共湖南省委发文，开展向万步炎同志学习活动。万步炎现为现为湖南科技大学教授、博士生导师，他从事科研工作30多年如一日，聚焦国家重大战略需求，带领团队开拓创新，持续研发“海牛”系列钻机系统，从打下第一个0.7米的“中国孔” ...全文,17,4,8
25,7870408986,NkW4PnPVT,小半吃gua,2023-09-25 16:38:58,湖南科技大学考研求sn333资料 ,0,0,0
25,7870408986,NkW4KqQqg,小半吃gua,2023-09-25 16:38:46,湖南科技大学求sn333资料 ,0,1,0
25,6558811697,NkW3RqVNh,不扎手仙人球555,2023-09-25 16:36:35,有湖科大 学科英语 新大纲 新资料  出出出  湖南科技大学教育学考研 ,0,0,0
25,6558811697,NkW3u8ERS,不扎手仙人球555,2023-09-25 16:35:39,学科生物的资料  出出出  sn 湖南科技大学考研 ,0,0,0
25,6558811697,NkW3h7tb8,不扎手仙人球555,2023-09-25 16:35:08,有需要学科数学 843 新资料的吗  湖南科技大学考研 ,0,0,0
26,6558811697,NkW2Zjasp,不扎手仙人球555,2023-09-25 16:34:26,职业技术教育出大纲了  出 sn 新资料 湖南科技大学教育学考研 ,0,0,0
26,6558811697,NkW2BDxAf,不扎手仙人球555,2023-09-25 16:33:30,🈶️ 出 湖南科技大学 333考研资料的吗  湖南科技大学考研 ,0,0,0
26,6558811697,NkVXgun04,不扎手仙人球555,2023-09-25 16:20:20,🈶️求司南 学科英语的资料的吗  湖南科技大学考研 ,0,2,0
26,7741900742,NkVVlm69d,美国丑事,2023-09-25 16:15:36,湖南科技大学2024年暑期赴美带薪实习报名开启 ,3,5,17
26,7870504628,NkVRS1QDS,用户7870504628,2023-09-25 16:07:01,湖南科技大学考研  求司南刷题题库 ,0,0,0
26,7621541665,NkVOoubRz,就是一个小馋猫,2023-09-25 15:58:29,湖南科技大学 我们学校有二手群吗？ ,0,1,1
26,7798455192,NkVEvD5tB,福多多201407,2023-09-25 15:34:08,湖南科技大学考研 蹲一个湖科大845上岸的小学教育直系学长学姐，带背专业课，以及专业课的备考资料 ,0,12,1
26,5940452794,NkVB1DTN3,努力成为有钱人哈,2023-09-25 15:25:33,湖南科技大学 不是吧自行车🚲都有人偷 ,0,0,0
26,1813167792,NkVASs9cl,会计之友杂志社,2023-09-25 15:25:11,湖南科技大学 教育部、科技部、自然资源部、中共湖南省委发文，开展向万步炎同志学习活动教育部、科技部、自然资源部、中共湖南省委发文，开展向万步炎同志学习活动 ,0,1,0
26,7798455192,NkVsho7Rt,福多多201407,2023-09-25 15:04:00,湖南科技大学考研 蹲一个845上岸的小学教育的直系学长学姐 ,0,7,2
27,7078124205,NkV8t5Xuq,美羊羊吐槽的一生,2023-09-25 14:15:11,湖南科技大学俺是湘大滴，小电驴被收了，想找一个科大的学生帮忙取一下，有偿。（需要身份证和学生证，证明不是湘大的）如果这里没有，求一个科大表白墙的qq ,0,2,0
27,7872165554,NkUxtbCrp,用户7872165554,2023-09-25 12:44:01,湖南科技大学的军训活动又臭又长，从十点半搞到现在才正式开始，还在占用休息时间#湖南科技大学# 湘潭·湖南科技大学 ,0,0,2
27,2126925453,NkUrf3Dkm,湖南科技大学,2023-09-25 12:28:41,#河南大学111周年校庆# 春华秋实百十余年，桃李满枝，初心弥坚 大河泱泱峥嵘岁月，沧海桑田，再谱华章 秋风几度，笔墨一点，画出猗欤一园 巍峨嵩岳，泱泱大河，繁花玉林奏响 功不唐捐，玉汝于成 明德新民，止于至善 @湖南科技大学  祝 @河南大学 111周岁生日快乐愿两校友谊长存，携手共进！ ,2,1,8
27,5180087535,NkTwe38ju,兔牙小王,2023-09-25 10:08:13,nmd 校内的移动营业厅到底在哪？#湖南科技大学# ,0,4,0
27,7846606695,NkTd5mlma,用户7846606695,2023-09-25 09:21:04,湖南科技大学考研就湖南科技大学数学学硕数学分析高等代数，有偿 ,0,6,0
27,6991866346,NkSNE05zj,yz-k,2023-09-25 08:18:23,湖南科技大学考研收艺术学625和858真题 ,0,2,0
27,6354659866,NkPngeLBc,科大papi,2023-09-24 23:35:09,接湖南科技大学813安全系统工程一对一辅导湖南科技大学考研#安全工程考研# ,0,0,0
27,5729594350,NkPhUpxjE,Syao_witing,2023-09-24 23:21:58,湖南科技大学考研 求司南学科英语839的资料 ,0,3,0
27,7274661664,NkOUH8tmN,远慕长安寒,2023-09-24 22:24:46,湖南科技大学想问问本科生奖学金什么时候能发下来呢 ,0,0,0
27,7506416385,NkNTgjw6P,林曰恒,2023-09-24 19:48:29,湖南科技大学贵校法学专硕法本怎么样 ,0,0,0
28,5979776886,NkMEchA5s,皮陈陈陈,2023-09-24 16:38:38,湖南科技大学考研  23学科化学已上岸！出学科化学资料，全是本人一份一份整理出来的精华！踩过很多坑，想帮助有缘人少走弯路！ ,0,0,0
28,6189737081,NkM5WAtA5,九十九只河马ik,2023-09-24 15:14:15,#湖科大847#湖南科技大学考研有偿求湖科大847学校心理健康教育资料 ,0,0,0
28,6785652051,NkL5Q2cFv,咩咩养的喵,2023-09-24 12:41:14,湖南科技大学请问有没有现代教育技术上岸的学长学姐啊 想问一点问题 ,0,1,0
28,1807210584,NkKHo9Gsp,心理学考研人,2023-09-24 11:41:00,【24心理学考研院校最新院校考情变动】  湖南科技大学2024年心理健康教育业务课二参考教材有变化， 其中原《当代教育心理学》改为《发展心理学》（第3版， 林崇德）。  #决战考研# #心理学考研# #心理健康教育考研# ,0,0,0
28,5990887536,NkKcBwkxs,带你玩点高端的,2023-09-24 10:25:10,湖南科技大学2023级新生军训现场视频🏫#湖南科技大学# #新生军训# #中视频伙伴计划# 信息与电气工程学院是四连，资源环境与安全工程学院是一连，黎锦晖音乐学院是二十一连🎹 带你玩点高端的的微博视频 ,0,0,0
28,6382426362,NkJUsgcvm,whiiit,2023-09-24 09:40:27,湖南科技大学考研 出839资料 ,0,0,0
28,7000097421,NkGiTDuTi,雪山落下了星星,2023-09-24 00:29:41,24届湖南科技大学835学科语文新大纲背诵笔记 内容如图片所示。包含王文彦《语文课程与教学论》以及两本课标背诵笔记（涵盖知识点详解、十三年真题及答案、教育热点、重点课文等内容。 湖南科技大学考研 ,1,7,5
29,2142583822,NkFCCps9E,睿yrwolves,2023-09-23 22:45:31,马克思主义考研 有没有湖南科技大学马理论的交流群啊 ,0,1,0
29,6571655510,NkFrigPvy,吃喝lasa学,2023-09-23 22:17:37,湖南科技大学#研究生的日常#  生日快乐 生日简单，生活充实 湘潭·湖南科技大学 ,0,3,6
29,5650979990,NkFlgpCfI,Lindzsong,2023-09-23 22:02:46,湖南科技大学考研 出839背诵资料 ,0,0,0
29,5831119691,NkFcVDT2J,柚子言言,2023-09-23 21:42:14,湖南科技大学考研求司南统考333背诵宝典 ,0,0,0
29,6738269938,NkEAcqxYJ,格格大佐,2023-09-23 20:06:49,湖南科技大学 科大食府的云湘情搬去哪了哦多剋 ,0,0,0
29,6125001486,NkExUkVUN,自明诚熊,2023-09-23 20:01:10,湖南科技大学庄子《列御寇 》之十六  正考父一命而伛，再命而偻，三命而俯，循墙而走，孰敢不轨！如而夫者，一命而吕钜，再命而于车上儛，三命而名诸父，孰协唐许！  注释：①一命而伛（yǔ），再命而偻，三命而俯：第一次任命低着头，第二次升迁弯着腰，第三次更加俯着身子，顺着墙壁快步走。 ...全文,0,0,0
29,2112652542,NkEefa6rB,衡阳校园,2023-09-23 19:12:43,【#当军训踏步遇上最炫民族风#】近日，湖南湘潭。当军训踏步遇上最炫民族风，更符合科大宝宝气质的军训。(湖南科技大学)#湖南大学2023开学季# 湖南的百晓生的微博视频 ,0,0,0
29,2241189581,NkEa4zsED,我在湖南上学,2023-09-23 19:02:27,【#当军训踏步遇上最炫民族风#】近日，湖南湘潭。当军训踏步遇上最炫民族风，更符合科大宝宝气质的军训。(湖南科技大学)#湖南大学2023开学季# 湖南的百晓生的微博视频 ,0,0,0
29,6686947183,NkE8glFsZ,湖南的百晓生,2023-09-23 18:57:59,【#当军训踏步遇上最炫民族风#】近日，湖南湘潭。当军训踏步遇上最炫民族风，更符合科大宝宝气质的军训。(湖南科技大学)#湖南大学2023开学季##开学季# 湖南的百晓生的微博视频 ,8,14,25
30,6738269938,NkBxurbYR,格格大佐,2023-09-23 12:21:54,湖南科技大学 大家 饵丝搬哪去了 哦多剋 想吃 ,0,1,0
30,2967915193,NkBtSbIjb,小新不吃菠菜,2023-09-23 12:12:59,湖南科技大学考研 出心理健康教育专业全部资料，限制跨考报不了啦。 ,0,1,0
30,6738269938,NkBptbR1s,格格大佐,2023-09-23 12:02:08,湖南科技大学 哦多剋 饵丝搬到哪里去了 哦多剋 ,0,0,0
30,5597452756,NkAHXj1td,校园碎片,2023-09-23 10:14:56,【#湖科大军训汇演无人机闪耀夜空#】近日，湘潭。湖南科技大学大一新生军训汇演时无人机闪耀夜空，快和沙沙一起去看看吧～#三亚高校军训拉歌现场有多燃##开学季# 校园碎片的微博视频 ,1,2,8
30,6647193216,Nkz3Gk448,世界这么大还是遇见你zy,2023-09-23 06:02:58,湖南科技大学捞下这位同学，大二的 ,0,0,0
30,6647193216,Nkz2F9lLy,世界这么大还是遇见你zy,2023-09-23 06:00:26,湖南科技大学找一下这位同学 ,0,0,1
30,2240451483,Nkwi09uWa,湖南科技大学微博协会,2023-09-22 23:00:00,#湖南科技大学微博协会超话# #晚安湖科大# #湖南科技大学超话 #  晚安，湖科大！ 星光铺撒银河无际，明月皎皎，夜空璀璨。 ,0,0,0
30,7470202591,Nkw4kpzLH,我等不来柳暗花明,2023-09-22 22:26:18,湖南科技大学考研 有人有848真题吗求求了 ,0,0,1
30,1827225287,NkvHteSWq,湖南联通,2023-09-22 21:30:00,#创新 与智慧同行# 【500台无人机灯光秀 助力湖南科技大学开学典礼】作为湖南科技大学智慧校园战略合作伙伴，湘潭联通携手知云无人机，在2023级新生开学典礼上，为全校师生带来了一场震撼的视觉盛宴，祝新生扬帆远航，未来可期！（供稿人：湘潭联通 卢傲雪） 湖南联通的微博视频 ,211,170,151
30,7480218861,Nkvksezc6,Eblorate,2023-09-22 20:33:17,湖南科技大学考研诚招室友！ 御花园小区，居民用电0.588一度，两房一厅一厨一卫一阳台，1600/月，两个人平摊每个人800/月，有意向的可以私聊。 要求：①性格温和，爱干净；          ②最好也是考研，有相同的作息和生活规律。 ,0,0,1
31,6885545747,Nkv3dpHwR,栓了个大坑,2023-09-22 19:50:50,湖南科技大学#湘潭约拍#  女摄，长期蹲模特 部分样片详见主页，不收费 ,0,0,0
31,7823844118,NkuNXj8FN,LLLLeviR,2023-09-22 19:13:14,湖南科技大学有没有土木工程考研上岸的师哥师姐？ ,0,6,0
31,1826549532,Nkume6Fg7,湖南科技大学考研团,2023-09-22 18:04:55,湖南科技大学24招生简章对比往年都有所改变哦，有疑问需要解答的小伙伴们快来集合吧qun910092707~90%专业都有直系学长学姐为大家答疑解惑，助力24考研！加油 ,0,9,0
31,5627569050,NkudweKwY,小娴小娴要加油,2023-09-22 17:43:28,湖南科技大学 请问马院本科生保研要求 ,0,0,0
31,3785693225,Nku3oFuvg,猫哥北大新传考研,2023-09-22 17:18:32,新传考研 知识分享｜9-10月备考经验分享 9月过半，十月将至 从0到1手把手教你，9-10月经验分享 快来看看 #新闻传播学考研##新传考研##北大新媒体考研##北大新传考研##湖南科技大学新传考研##24新传考研##北大新传考研# ...全文,0,0,0
31,7825654279,NktX6y864,教育学言西学姐,2023-09-22 17:03:02,湖南科技大学考研  预报名20问 ,0,11,0
31,6605721388,NkmwxaOMQ,教育学洪哥,2023-09-21 22:08:20,每次当我想懈怠、负能量爆棚的时候 我就会打开学姐送给我的笔记本 她从湖南科技大学考进了厦门大学，现在是一名高校老师 这一段话，时刻激励着我！我也希望这段话可以陪伴你们❤️ ,10,8,115
31,3785693225,Nktfdo8gP,猫哥北大新传考研,2023-09-22 15:14:54,【🐱 猫哥典型作业讲解】滚雪球抽样 1⃣ 首先，我们在答研究方法的题的时候，先定性，它是定【定量研究】还是【定性研究】，以及【抽样】还分【概率抽样】与【非概率抽样】！ 2⃣ 我们尽量在阐述的时候，分段，5分的名词解释分2段，10分的名词解释分3段，前面空2个格。 3⃣ 采分点的标志性的几个词， ...全文,0,0,0
31,6393431407,NksBvnXV3,小伍同学今天开心吗,2023-09-22 13:37:04,近日…湖南科技大学 湘潭·湖南科技大学 ,0,0,0
31,7870504628,NkrCaoZG6,用户7870504628,2023-09-22 11:05:57,湖南科技大学考研 求司南333题库 ,0,1,0
32,7832065187,NkrvcrJdB,壮zz_,2023-09-22 10:48:46,#湖南科技大学马理论# 出湖科大马理论真题资料 ,0,0,6
32,2240451483,NkrboDh6H,湖南科技大学微博协会,2023-09-22 10:00:00,#湖南科技大学微博协会超话# #早安湖科大# #湖南科技大学超话 #  早安，湖科大！ 渴望拥抱的理由很简单，我们是人，而心脏是一块敏感的肌肉。 —— 斯特凡松《鱼没有脚》 ,0,0,1
32,7859979126,Nkr7NapH9,用户7859979126,2023-09-22 09:51:06,湖南科技大学考研  寻找哲学的学姐学长 ,0,15,4
32,6611234185,NkqEwgKrB,Komorebi-wwpp,2023-09-22 08:39:00,湖南科技大学考研 本科会计学可以考学科思政嘛？ ,0,0,0
32,7295281068,Nkn2Ywc5J,大嘴小姜爱吃香菜,2023-09-21 23:28:16,🈶️1⃣️说1⃣️ 军训才艺表演还得看音乐学院呜呜呜 大家都好厉害 长眼睛啦！要是有手机拍视频就好噜湖南科技大学 ,0,0,0
32,5963447136,NkmT04vAU,-不吃香菜呀啊-,2023-09-21 23:03:41,湖南科技大学考研 学科化学限制专业  其他学科类也限制专业  但是其他学科类基本都允许有对应教师资格证的报考  学科物理也是允许的  好像就学科化学不行 ,0,4,8
32,7855892019,NkmEcvWzJ,Mfsizyl,2023-09-21 22:27:14,湖南科技大学考研想考湖科大的生物学，请问有没有学长学姐提供真题之类的资料，有偿 ,0,1,0
32,5977286767,NkmAp3Vr2,HEDIIIIII_,2023-09-21 22:17:52,单位的同事问我哪个大学毕业的 我说湖南科技大学 他们每个人都会哇一声 不知道在哇什么 怕不是想成国科大了 ,0,3,1
32,5326364276,NkmgGk9wZ,心理学今赞,2023-09-21 21:29:17,#微博开学季##决战考研##心理健康教育考研#  湖南科技大学2024年心理健康教育业务课二参考教材有变化，其中原《当代教育心理学》改为《发展心理学》（第3版， 林崇德）。目前业务课二参考教材仍为3本。 新增报考专业条件——前置专业：1哲学类、12管理学类 、0303社会学类、0401教育学类、0710生物科学 ...全文,0,0,2
32,5885539809,NklIPFzY1,易悠岚LKD,2023-09-21 20:05:54,湖南科技大学#青春运动日记##有氧运动怎么做才有效# 我的青春运动日记   要多去操场跑跑步 锻炼锻炼哦 ,0,0,3
33,6491857759,Nklq6rYTJ,naku膨大,2023-09-21 19:19:45,湖南科技大学想问一下学长学姐们，军训进伤病连有啥影响吗？或者进伤病连之后证明不过关会有影响吗？ ,0,3,4
33,1986888471,NkkwKFDjZ,长沙校园,2023-09-21 17:03:23,#独属湖南学子的新学期浪漫# 夜幕降临，由@湖南科技大学 带来的2023级开学第一课无人机编队表演，给予了新生独一无二的浪漫与震撼这样的整活谁不喜欢呢？#开学季# #开学攻略# 长沙校园的微博视频 ,22,37,233
33,7793037392,Nkkh7rNHW,MZLeader,2023-09-21 16:24:52,湖南科技大学跳舞的小姐姐在哪呢 ,0,0,9
33,6605721388,Nkcz1o0jg,教育学洪哥,2023-09-20 20:47:00,湖南科技大学发布了最新的招生简章 对报考进行了专业限制，但是只要你有教师证，你依旧可以考👇 ,0,20,38
33,5253010250,NkjO2nnuO,陈路周周摇尾巴,2023-09-21 15:13:13,湖南科技大学考研 出语文课程与教学论背诵资料 ,0,0,1
33,5554916627,Nkjkibj0M,TellSomething_2U,2023-09-21 13:59:56,还是觉得湖南科技大学才是我的学校 每次刷到都像想家一样想回去 中山大学很好 但我不属于这里 我像是误入天宫的孙猴子 所有人都比我厉害 一种强烈的不配得感时刻在作祟 ,0,1,0
34,6451904418,NkhFPCtXX,一航助你上岸,2023-09-21 09:47:31,学科语文考研 今年变化很大的一个学校，湖南科技大学学科语文2个变化，第一个变化是跨考有一些限制，目前只限制文学类、历史类、教育类或其他学科师范类专业，第二个变化就是教材变了，科大这个学校经常换教材，去年换倪文锦的版本，今年换王文彦的版本。不过一方学员别担心，科大新教材的课程 ...全文,0,0,0
34,7775892543,Nkhx5cOa4,lalayiib_,2023-09-21 09:25:57,湖南科技大学新传一志愿上岸，可答疑解惑啦，想要辅导的话也可以噢～ ,0,0,0
34,7872660201,Nkf51pD49,瓜瓜之路111,2023-09-21 03:11:20,#湖南科技大学#刚刚从瓜网看完奶姐 又大又白 不会还有人没看吧 ,0,3,0
34,6132032040,NkdJsA2Z6,-悄悄是心上的肖肖daytoy-,2023-09-20 23:45:28,湖南科技大学考研出马理论真题 不考了 ,0,5,5
35,7271512393,NkdbfxxWW,清念Justin,2023-09-20 22:21:11,湖南科技大学考研出学科数学资料 ,0,0,10
35,6484538937,Nkd47dIdm,休思xs,2023-09-20 22:03:36,给大家展示一下湖科大的炫酷无人机表演 #湖南科技大学# #开学第一课#  #无人机表演# 休思xs的微博视频 ,0,1,4
35,2240451483,Nkd2EqdIk,湖南科技大学微博协会,2023-09-20 22:00:00,#湖南科技大学微博协会超话# #早安湖科大# #湖南科技大学超话 #  早安，湖科大！ 别怕走错路 只要前行 哪里都是目的地 ,0,0,0
35,5626383122,Nkd1rbWTK,鱼池君,2023-09-20 21:57:00,湖南科技大学考研听说贵校的瓜甜 ,0,0,7
35,5657827712,NkcIEgBPI,我爱长沙520,2023-09-20 21:10:43,【氛围感拉满！#无人机灯光秀点亮开学第一课#】太宠了！9月18日，湖南湘潭。在湖南科技大学的新生开学第一课上，该校进行了无人机表演。表演内容不仅展示了学校的学科特色和办学成果，还有学校的地标建筑以及对新生的寄语和祝福。(湖南科技大学)#湖南大学2023开学季# 湖南的百晓生的微博视频 ,0,0,1
35,6283512369,NkcuwtwuK,说说屁话而已,2023-09-20 20:35:55,湖南科技大学考研  24招生简章出来了 基本上教育学类都限制跨考了 但是有相应教师资格可以考 ,0,6,7
35,6125001486,Nkcovhdo9,自明诚熊,2023-09-20 20:21:05,湖南科技大学庄子《列御寇 》之十五  故君子远使之而观其忠，近使之而观其敬，烦使之而观其能，卒然问焉而观其知，急与之期而观其信，委之以财而观其仁，告之以危而观其节，醉之以酒而观其侧，杂之以处而观其色。九征至，不肖人得矣。”  注释：①远使之而观其忠，近使之而观其敬：使之远离观 ...全文,0,0,2
35,6686947183,NkcbtpK5C,湖南的百晓生,2023-09-20 19:48:59,【氛围感拉满！#无人机灯光秀点亮开学第一课#】太宠了！9月18日，湖南湘潭。在湖南科技大学的新生开学第一课上，该校进行了无人机表演。表演内容不仅展示了学校的学科特色和办学成果，还有学校的地标建筑以及对新生的寄语和祝福。(湖南科技大学)#湖南大学2023开学季##开学季# 湖南的百晓生的微博视频 ,8,10,25
35,2617970297,NkbOntzbS,湖南教育电视台,2023-09-20 18:52:05,#2023年湖南高校秋季开学季# 【高校为42名新生办集体生日会】近日，一场别开生面的新生集体生日会正在湖南科技大学浪漫上演，学校为当天生日的42名学生准备了生日蛋糕和美味的自助餐，以及出生日当天的报纸，现场新生们通过寄明信片给4年后的自己，记住入学时的梦想与初心。 ...全文,0,1,3
36,6399236386,NkbyL4yFX,拍照的桃桃,2023-09-20 18:13:36,性格超级好的小姐姐，我的湘潭本地导游哈哈，我们还约好了去踩点新场景～ 出镜：77 湖南约拍#古风写真#湖南科技大学#湖南科技大学##湘潭约拍##清冷风# 湘潭 ,0,4,4
36,7345478981,Nkbjxfh6C,可爱迷人的墩墩的妈妈,2023-09-20 17:36:06,湖南科技大学考研招生简章多久发出来呀去年前年都是9.15，我就一直以为今年也是一样的时间，但前几天在小红书上看到今年是9.20，可是现在下午了还没有发出来，预报名之前能出来吗 我知道我很着急，有没有学姐学长能帮我解答一下呀~ ,0,8,0
36,6402432757,NkabFmCI0,是泥泥澄酱,2023-09-20 14:43:58,湖南科技大学考研  求司南333热点文集热点怎么学啊 ,0,0,0
36,6402432757,Nkabucjus,是泥泥澄酱,2023-09-20 14:43:31,湖南科技大学考研  再求一套司南背诵宝典，背书要背疯了啊啊啊啊啊 ,0,1,0
36,6402432757,NkabjuAoj,是泥泥澄酱,2023-09-20 14:43:06,湖南科技大学考研  求司南答题模板谁有吗 ,0,0,0
36,6402432757,NkabeqZ9t,是泥泥澄酱,2023-09-20 14:42:54,湖南科技大学考研  求求求司南材料题题库！！！ ,0,0,0
36,6402432757,NkaaQvYct,是泥泥澄酱,2023-09-20 14:41:57,湖南科技大学考研  求司南的选择题题库 ,0,0,0
36,7869070471,Nk9UX9I5t,用户7869070471,2023-09-20 14:02:47,湖南科技大学 24研究生招生简章啥时候出啊，比去年晚五天了 ,0,0,0
37,1459507082,Nk9qH2Owu,中华全国学联,2023-09-20 12:48:14,【太酷了！#无人机灯光秀点亮新生开学第一课#】近日，@湖南科技大学 无人机灯光秀璀璨绽放，为新学年的启航揭开序幕，编织出一幅幅绚烂的图画，展现了同学们的无限可能[你好]三湘都市报的微博视频 ,2,1,4
37,2126925453,NjZ3MoeUC,湖南科技大学,2023-09-19 10:24:19,#湖南科技大学灯光秀##开学第一课#  远如银河，近似烟火✨绚丽的灯光在夜空飞舞，似明似暗，似梦似幻[爱慕]不断变化的图案，展现着科大风采，给人以超强的视觉冲击让我们一同观赏昨夜科大上演的那场盛大的无人机灯光秀吧~ 湖南科技大学的微博视频 ,32,25,231
37,5624193336,Nk8pv3K1Y,黑黑不白_ziyi,2023-09-20 10:12:33,湖南科技大学 科大有没有Kpop人啊啊啊啊 爱玩随舞的 有没有可以一起跳舞的姐妹呀 以后可以一起跳跳舞去玩玩随舞什么的 ,0,1,2
37,2240451483,Nk8kpwOzD,湖南科技大学微博协会,2023-09-20 10:00:01,#湖南科技大学微博协会超话# #早安湖科大# #湖南科技大学超话 #  早安，湖科大！ 许多人都会选择维持旧有的行为模式，并抓着一段有害关系不放，以缓和面前的焦虑和不安感。——苏珊·福沃德《情感勒索》 ,0,0,0
37,5666649442,Nk8iqDvGq,兰子的春夏与秋冬,2023-09-20 09:55:08,妈呀 做了一个复读梦 湖南科技大学 有这个大学吗 ,0,5,1
37,7307826391,Nk8eGkUa7,这里是湖南,2023-09-20 09:45:54,【来看，湖南科技大学用无人机灯光秀“宠”新生】9月18日晚，无人机璀璨灯光秀在湖南科技大学夜空震撼上演。海牛号，以及他的研制者万步炎教授惊艳亮相，学校的地标建筑文庙、图书馆等精彩展示，对2023级新生的寄语和祝福一并奉上，现场欢呼雀跃，一阵沸腾，这也是湖南科技大学定名20周年系列活动之一 ...全文,1,1,9
37,7572365704,Nk4O0DAhj,iisi-sscl,2023-09-20 01:01:57,湖科大等我！！！湖南科技大学 ,0,1,2
37,2606218210,Nk4d1guJS,中国妇女报,2023-09-19 23:30:49,【氛围感拉满！#无人机灯光秀点亮新生开学第一课#  】太宠了！9月18日，在湖南科技大学 的新生开学第一课上，该校进行了无人机表演。表演内容不仅展示了学校的学科特色和办学成果，还有学校的地标建筑以及对新生的寄语和祝福。（三湘都市报） 三湘都市报的微博视频 ,4,2,8
37,7676133282,Nk436AIE7,寻瑾瑜,2023-09-19 23:06:23,湖南科技大学为什么要晚训 ,0,0,3
37,2240451483,Nk3C9BoKF,湖南科技大学微博协会,2023-09-19 22:00:00,#湖南科技大学微博协会超话# #晚安湖科大# #湖南科技大学超话 #  晚安，湖科大！ 时间停下了脚步，温柔的夜晚终于降临，愿你拥有一个甜美的晚安。 ,0,0,0
38,2618638282,Nk3x7jCdR,湖南日报,2023-09-19 21:47:35,【来看，湖南科技大学用无人机灯光秀“宠”新生】9月18日晚，无人机璀璨灯光秀在湖南科技大学夜空震撼上演。海牛号，以及他的研制者万步炎教授惊艳亮相，学校的地标建筑文庙、图书馆等精彩展示，对2023级新生的寄语和祝福一并奉上，现场欢呼雀跃，一阵沸腾，这也是湖南科技大学定名20周年系列活动之一 ...全文,0,0,8
38,2109978432,Nk38d5eM9,吴易颖与名手之道,2023-09-19 20:46:13,9/24（日）14：00 湖南科技大学2023锦晖音乐讲坛系列之二 本次讲座钢琴家吴易颖将演出分别以舒曼与勃拉姆斯两位音乐家，用《永恆的挚爱》来做为讲座主要标题，并分别赋予“爱的献礼”、“爱的执著”、“爱的崇高”、“爱的枷锁”等四个子题，用来代表舒曼与布拉姆斯这两位男士，展现出萦绕在克拉拉˙舒 ...全文,0,0,0
38,7477363974,Nk2YU0CZw,啊啦啦啦0206,2023-09-19 20:23:17,湖南科技大学  出租一个月校园网，有人需要嘛 ,0,2,0
38,6415280590,Nk2xzkyj0,白叔手机在充电i,2023-09-19 19:15:57,湖南科技大学热辣的天空 ,0,6,9
38,5487800159,Nk25jmcJr,都柏林的冬天不下雪2023,2023-09-19 18:06:20,湖南科技大学考研  出湖科大外国语言文学备考真题和系统资料，更有学长录屏解答备考疑惑  23年学长外国语言文学复试带上19人➕12人一志愿调剂到别的省内一本。也可推荐别的高分学长学姐解答经验 ,0,0,1
38,7871628028,Nk1Rw9IBe,用户7871628028,2023-09-19 17:32:20,#湖南科技大学##流浪狗##湘潭流浪动物救助#流浪狗救助 湖南科技大学赤马路口有一种疑似流浪的小公狗，非常小，有人需要领养吗，不是本人遗弃的 湘潭·湖南科技大学 ,0,1,0
38,6399236386,Nk1HgAEGy,拍照的桃桃,2023-09-19 17:07:06,星汉灿烂嫋嫋同款 索尼的宽容度太强了（图五图九） 出镜：芃芃其麦 湖南约拍湖南科技大学#古风写真##古风写真##星汉灿烂##赵露思程少商# 湘潭·湖南科技大学 ,0,0,3
38,1700087532,Nk02XjkNE,三湘都市报,2023-09-19 12:55:02,【氛围感拉满！#无人机灯光秀点亮新生开学第一课#  】太宠了！9月18日，在@湖南科技大学 的新生开学第一课上，该校进行了无人机表演。表演内容不仅展示了学校的学科特色和办学成果，还有学校的地标建筑以及对新生的寄语和祝福。据相关人士介绍，这也是该校庆祝湖南科技大学定名20周年系列活动之一。（ ...全文,7,4,20
38,7716863057,Nk1qn4CGo,靉靉与靉靆,2023-09-19 16:25:28,湖南科技大学究竟是谁偷偷撞了我停在七区宿舍后面的车还好还在保修期，可是后面的牌再怎么修也不像开始放的那么完美了 ,0,0,0
39,2877647544,Nk13yBzD5,千千zqy,2023-09-19 15:29:16,湖南科技大学考研请问中国古代文学专业接受跨考吗 ,0,5,1
39,2583571285,Nk0XBxqz4,理论法学周悟阳,2023-09-19 15:14:36,089.非法本法硕过线就走院校推荐（湖南）  法硕  #法硕择校# #25法硕考研#   1⃣️主要推荐湖南科技大学、湖南工业大学和湖南理工学院  2⃣️湖南科技大学历年上线人数很少，过A区线基本能上；湖南工业大学非法本招生人数较多，去年调剂缺额有26人；湖南理工学院有一定报考价值，去年调剂名额 ...全文,0,1,1
39,7773300296,Nk0Xiv0zA,祁弥章丶,2023-09-19 15:13:51,#湖南科技大学灯光秀#好震撼 不愧是你科大效果爆炸啦 ,0,1,2
39,6738269938,Nk0LH4f3Y,格格大佐,2023-09-19 14:45:15,#湖南科技大学灯光秀#本人消息闭塞到现在还在痛心疾首 湘潭·湖南科技大学 ,0,5,10
39,2240451483,NjYTUn4wf,湖南科技大学微博协会,2023-09-19 10:00:00,#湖南科技大学微博协会超话# #早安湖科大# #湖南科技大学超话 #  早安，湖科大！ 早上的阳光会替我拥抱你，所有的东西都开始被染上金黄，你要相信，你也会闪闪发光！ ,0,0,1
39,7480032910,NjYtBtlRH,云边小卖部_Rae,2023-09-19 08:55:12,湖南科技大学考研 转司南333统考➕专业课二 图上的学校和专业都可以转 ,0,2,0
39,7344762766,NjVee6cPA,子桔子_,2023-09-19 00:39:04,湖南科技大学 商学院的学长学姐们真的超级好超级好，新生有被狠狠温暖到，归属感拉满 ,0,0,2
39,7295281068,NjV5K6yxY,大嘴小姜爱吃香菜,2023-09-19 00:18:10,今晚给科大💯 要是不要从一区跑到八区就更好啦湖南科技大学 ,0,0,0
40,7859460256,NjUVEfm8G,用户7859460256,2023-09-18 23:53:18,湖南科技大学求今晚的无人机演出的照片视频，本人军训没带手机 ,0,6,8
40,2877647544,NjUovphlN,千千zqy,2023-09-18 22:31:39,湖南科技大学考研学长学姐们，请问一下中国古代文学今年的参考书目和不含推免生的招生人数有变化吗，谢谢! ,0,0,2
40,1819043041,NjUmDAkLu,程程学长,2023-09-18 22:27:03,#湖南科技大学# 2013—2023十年了，从2013年踏入湘潭，走进科大，如今整整十年了，当年的小学弟而今成了老学长了，这里注定是一段难忘的回忆湘潭·湖南科技大学 ,0,3,4
40,2126925453,NjTQEAPeR,湖南科技大学,2023-09-18 21:08:15,#随手拍##湖南科技大学灯光秀#  湖南科技大学2023级新生开学第一课在第一田径场隆重举行震撼人心的无人机灯光秀最是吸睛，快和科科一起看看吧 ,10,14,169
40,5301126782,NjTKS4v2z,拜托拜托你了嘛,2023-09-18 20:53:59,#湖南科技大学# 美丽 湘潭 ,0,1,8
40,6226159977,NjSdJgB5A,想跟你去看天边的日落,2023-09-18 16:59:36,湖南科技大学问问有没有人出二手电动车 各种东西都在包括购买记录 我收 ,0,0,2
40,2038218622,NjRWdhgIq,湘潭台,2023-09-18 16:16:27,【26件专利作价1.2亿元入股 “海牛” 探出新“商海”】日前，湖南海牛地勘科技有限公司正式挂牌成立，“海牛”团队以26件专利作价1.2亿元入股。这是湖南科技大学为加快科技成果本地转化，让更多成果从“书架”就近上“货架”迈出的标志性一步。26件专利作价1.2亿元入股 “海牛” 探出新“商海” ,0,0,0
40,7789089921,NjRKrDA9f,后悔优雅涮羊肉的烤全鱼,2023-09-18 15:47:28,湖南科技大学 想要湖南科技的表白🧱QQ#湖南科技大学##军训##新生# ,0,1,0
40,7216752811,NjR9Oe3pD,好像是蜜桃,2023-09-18 14:17:12,湖南科技大学考研有没有马克思的学长学姐  有问题要问 ,0,8,1
40,7833673646,NjQgiFpQE,jgyhg518,2023-09-18 12:00:27,湖南科技大学 24湖南科技大学考研群 ,0,23,0
41,6577255740,NjQeBfupz,读完硕士再打工1,2023-09-18 11:56:15,湖南科技大学考研出311资料，已上岸 ,0,0,1
41,7412336764,NjQ35fpsq,用户7412336764,2023-09-18 11:27:52,湖南科技大学 经费都被贪污了吗？？十教那么热开学两个星期了没有空调没有电扇，纯纯蒸桑拿，无语死 ,0,0,3
41,7192986682,NjPMGs2Jr,芋泥好吃O,2023-09-18 10:47:29,湖南科技大学考研有没有同学知道今年科大的教育学会不会限制跨考呀 ,0,19,1
41,5972665406,NjPGSveMX,XR哇哇哇W,2023-09-18 10:33:11,湖南科技大学请问校园网怎么办？朋友们 ,0,0,0
41,1758468011,NjPhV8xhs,YinLLLLiu,2023-09-18 09:31:41,湖南科技大学 想问一下学弟学妹们，国庆可以进学校吗，想国庆回学校玩一天，不知道现在不是学生能不能进校 ,0,2,1
41,5885539809,NjPgGtN5K,易悠岚LKD,2023-09-18 09:28:39,湖南科技大学#新生开学季答疑就现在# 叮～一份新生攻略请查收 还有什么问题都欢迎大家来问哦 ,0,9,10
41,5685489484,NjPdhAoDf,长安irrepentant,2023-09-18 09:20:16,湖南科技大学 记录一下 湘潭·湖南科技大学 ,0,0,2
41,2240451483,NjKLafxbH,湖南科技大学微博协会,2023-09-17 22:00:00,#湖南科技大学微博协会超话# #晚安湖科大# #湖南科技大学超话 #  晚安，湖科大！ 美好的一天又结束了，好梦！ ,0,1,2
41,7186476885,NjKjs1Nac,Hahh铪,2023-09-17 20:51:43,湖南科技大学考研  线性代数满分刷题大法他来啦！ ,0,0,0
41,6544435649,NjJLpbXI7,姐台y霸永远快乐,2023-09-17 19:27:51,上班学校方圆两公里内有步步高新天地和一所一本大大学（湖南科技大学）(有美食街)打败百分之七八十打工人 ,0,0,0
42,6125001486,NjJCp0Z61,自明诚熊,2023-09-17 19:05:40,湖南科技大学庄子《列御寇 》之十四  孔子曰：“凡人心险于山川，难于知天。天犹有春秋冬夏旦幕之期，人者厚貌深情。故有貌愿而益，有长若不肖，有顺怀而达，有坚而缦，有缓而釬。故其就义若渴者，其去义若热。  注释：①凡人心险于山川，难于知天：人心（之藏深变化）比山川更危险，比天更难 ...全文,0,0,0
42,7336824631,NjIUOxaGP,别管猪猪包了,2023-09-17 17:18:17,湖南科技大学考研  我来找找雨湖校区的长沙朋友们 以后可以一起拼车去湘潭北站坐地铁呀  不是长沙的想扩大交友圈也可以私！小小的学校里需要有趣的朋友！ ,0,1,0
42,7797817752,NjIFjj8TN,脆爽小台芒,2023-09-17 16:40:05,湖南科技大学粉丝冲冲冲冲，为学校助力#湖南科技大学# ,0,1,0
42,1653894531,NjI7tyUUk,词忆致用黄艳平,2023-09-17 15:16:44,考研#考研##考研英语#  新学期开学了，《词忆致用：考研英语词汇记忆与真题考点宝典》还余下库存2000余册，不打算卖了。 【免费送】 1. 赠送对象2025考研生（当前大三学生） 2. 湘潭地区（如湘潭大学、湖南科技大学、湖南工程学院，批量需求，可以送货到校少量几册恕不能满足送货要求） 3. 全 ...全文,0,1,0
42,7002204118,NjHg1yZF9,橙子哥哥的心尖宠,2023-09-17 13:05:03,湖南科技大学考研铁铁们知道咱们什么时候发大纲不？ ,0,1,2
42,2126925453,NjHcJ7tdw,湖南科技大学,2023-09-17 12:56:55,#天职师大校庆##天职师大44周年校庆#  四十四载春华秋实，人才济济。 四十四载薪火相传，生生不息。 镜湖水下，炎培园中。 一片和风细雨，一秋累累果实。 乘风破浪，继往开来新篇章。 @湖南科技大学 祝@天津职业技术师范大学 四十四岁生日快乐！愿两校友谊长存，携手并进 ,1,1,2
42,7502394015,NjGyJCPbI,upup-1313,2023-09-17 11:18:24,湖南科技大学考研请问一下各位学长学姐 本科英语专业可以跨考贵校学科语文全日制吗？ ,0,12,3
42,2240451483,NjG2UDSYm,湖南科技大学微博协会,2023-09-17 10:00:00,#湖南科技大学微博协会超话# #早安湖科大# #湖南科技大学超话 #  早安，湖科大！ 23级的小萌新们，正式开学第一天，准备好迎接大学生活了吗？ ,0,1,0
42,5918792226,NjFDg6y1n,捆绑鲨鱼,2023-09-17 08:56:47,#湖南科技大学#有人一起搞排球少年吗新生求同好 ,0,2,0
42,2240451483,NjBJ1CRPn,湖南科技大学微博协会,2023-09-16 23:00:01,#湖南科技大学微博协会超话# #晚安湖科大# #湖南科技大学超话 #  晚安！湖科大。 晚安，玛卡巴卡。 ,0,0,0
43,7189394315,NjBzvvWWa,饕餮he,2023-09-16 22:36:34,湖南科技大学考研今年科大学科类真的限制吗 ,0,5,2
43,5989598173,NjBxczgOm,小猫爱豆花,2023-09-16 22:30:53,湖南科技大学考研 学科类是都限制跨考了吗求解答 ,0,4,0
43,6334272737,NjAXagVZB,都是我爱的虎子啊,2023-09-16 21:02:06,湖南科技大学有拼free男子游泳俱乐部明信片的友友吗，我只要红色画圈部分 ,0,0,1
43,2126925453,NjAImu39W,湖南科技大学,2023-09-16 20:25:38,#河南理工大学114周年校庆# 百年薪火薪相传，理工精神荟芬芳。 明德任责育英才，好学力行铸辉煌。 校庆佳节盛锦绣，共谱新篇诗韵齐。 从1909到2023，从焦作路矿学堂到河南理工大学 114载砥砺奋进，114载风雨兼程，@湖南科技大学 祝@河南理工大学 114周岁生日快乐！愿两校共同发展，携手共进 ,1,1,6
43,7269233847,NjAj2hFV5,吖小懒虫丶,2023-09-16 19:23:14,出湖南科技大学英语笔译真题+备课资料湖南科技大学考研 ,0,4,0
43,6896900454,Njz07nzMj,Osborn_千俞,2023-09-16 16:03:53,萧敬腾雨来雨来雨来雨来湖南科技大学 ,0,0,2
43,2126925453,NjykacSbi,湖南科技大学,2023-09-16 14:20:31,#当代大学宿舍图鉴# 宿舍是同学们四年不变的“小天地”，承载着大学生活无数美好的故事@湖南科技大学 联合 @小米之家 在 #小米开学季# 期间共同举办寻找最酷大学宿舍活动，带话题投稿你的梦中情舍照片，有机会赢取小米开学智能装备包[你好]转发本条微博的小伙伴有机会抽送一个Redmi Buds 4耳机 ...全文,33,5,9
43,7869434713,Njyeg8f7y,小新插画剪辑师_,2023-09-16 14:05:58,湖南科技大学 有兴趣的来吧 ,0,0,0
43,1826549532,NjxpDEx2F,湖南科技大学考研团,2023-09-16 12:01:16,湖南科技大学考研24湖南科技大学考研交流群，企鹅：910092707  学长学姐为大家答疑解惑，资料辅导等都有~快来加入吧 ,0,12,1
43,7869859952,NjwWa5U6L,玖玖布丁,2023-09-16 10:48:38,湖南科技大学考研学科数学的专业课二听说会换成复试科目是真的吗不考843了吗 ,0,1,0
44,5650979990,NjwGrsdPB,Lindzsong,2023-09-16 10:09:55,湖南科技大学考研 出学科英语839背诵资料+真题 ,0,0,0
44,2240451483,NjwCqotSG,湖南科技大学微博协会,2023-09-16 10:00:01,#湖南科技大学微博协会超话# #早安湖科大# #湖南科技大学超话 #  早安，湖科大！ “生活一半是美💃一半是发现 用心喜欢 不断坚持 每一份努力都值得被尊重” ,0,0,0
44,2240451483,NjsiwyD4Z,湖南科技大学微博协会,2023-09-15 23:00:00,#湖南科技大学微博协会超话# #晚安湖科大# #湖南科技大学超话 #  晚安，湖科大。 各位同学，好梦。 ,0,1,0
44,7002204118,NjrYMfO9y,橙子哥哥的心尖宠,2023-09-15 22:11:21,湖南科技大学考研小学教育可以考学科思政吗 ,0,7,3
44,7345979313,NjrhWsi7p,Hello欣欣Kitty,2023-09-15 20:25:48,湖南科技大学 有没有恩静 加我一起玩 ,0,2,0
44,7870504628,NjoZ98F0z,用户7870504628,2023-09-15 14:34:01,湖南科技大学考研  现在要开始看热点了吗 ,0,1,0
44,7825654279,NjntKn61Y,教育学言西学姐,2023-09-15 10:43:55,湖南科技大学考研  报名信息的填写 ,0,6,1
44,2240451483,NjnbVAJT3,湖南科技大学微博协会,2023-09-15 10:00:01,#湖南科技大学微博协会超话# #早安湖科大# #湖南科技大学超话 #  早安，湖科大！ 又是新的一天，要加油哦。 ,0,0,1
44,7589055988,NjjsLfcqi,sweet樂le,2023-09-15 00:30:30,湖南科技大学古德耐特 ,0,3,3
44,6399236386,NjiVMxper,拍照的桃桃,2023-09-14 23:09:15,阿奴出场 出镜：君君 湖南约拍湖南科技大学#少女写真##湖南科技大学##湘潭约拍##古风写真##苗疆少女# 湘潭 ,0,2,2
45,7852107155,NjiUGsZW0,用户真的不知道取什么名字,2023-09-14 23:06:33,湖南科技大学  北校有无短租，或者女生合租，我会简单的烹饪，平常都在敲论文不会有噪音 ,0,0,0
45,5983000543,NjivtBv5I,努力上岸的小朋友-,2023-09-14 22:04:27,湖南科技大学教育学考研贵校今年学科教学限制跨考了吗？ ,0,5,1
45,7809580422,NjiqKtSnl,做一只快乐小鬼,2023-09-14 21:52:48,听说这两天就要开学啦，新生宝宝们要给学姐留口饭吃🍚🍚🍚🍚#湖南科技大学##开学季# 学长学姐都是你们的，我要吃饭🍛 湘潭·湖南科技大学 ,0,2,4
45,6597053869,Njiqibi1l,渐变拿铁吖,2023-09-14 21:51:40,湖南科技大学#开学攻略# 我的美食攻略  学校旁边的鸡公煲很好吃呐 还有什么好吃的大家快来安利吧 ,0,1,2
45,7245646631,Njio1b0ii,易悠岚LKD54,2023-09-14 21:46:04,湖南科技大学#开学攻略# 新学期 我的校园运动攻略 要经常锻炼 保持健康！ ,0,0,2
45,5885539809,NjijSFxji,易悠岚LKD,2023-09-14 21:35:53,湖南科技大学#开学攻略# 我的食堂美食攻略 八珍楼有很多好吃的哦 比如烤盘饭呐 快去尝尝吧 ,0,0,6
45,6125001486,NjhCUk7Lw,自明诚熊,2023-09-14 19:50:00,湖南科技大学庄子《列御寇 》之十三  施于人而不忘，非天布也。商贾不齿，虽以事齿之，神者弗齿。为外刑者，金与木也；为内刑者，动与过也。宵人之离外刑者，金木讯之；离内刑者，阴阳食之。夫免乎外内之刑者，唯真人能之。  注释：①施于人而不忘，非天布：有施于人却不能忘怀，不是像天那样 ...全文,0,0,0
45,3163613683,NjgLkpTTU,嘘柱哥,2023-09-14 17:38:00,求司南的333资料  湖南科技大学教育学考研 ,0,1,0
46,3163613683,NjgL0dJ3r,嘘柱哥,2023-09-14 17:37:12,有没有司南333资料  湖南科技大学考研 ,0,0,0
46,3163613683,NjgJVqKTC,嘘柱哥,2023-09-14 17:34:33,考研湖南科技大学考研 ,0,0,0
46,3163613683,NjgJNvlz3,嘘柱哥,2023-09-14 17:34:14,有出司南的333统考资料的吗？  湖南科技大学考研 ,0,3,0
46,2617970297,NjgzHjfBc,湖南教育电视台,2023-09-14 17:09:21,#爱国强军# @湖南科技大学 “山地捕歼”科目 燃爆不一样的军训 #2023湖南高校最美军训瞬间# 湖南教育发布的微博视频 ,0,1,5
46,1986888471,NjgudxvRx,长沙校园,2023-09-14 16:55:51,#这次亚运湖南学子拼了# #秋天里的湖南高校#  【⏰献礼亚运，他们拼了‼️】近日，2023年全国赛艇锦标赛落幕，@湖南科技大学 体育学院运动训练专业张培冰、刘颖代表湖南省参赛在这场赛艇全国规格最高赛事上勇夺女子四人双桨金牌，以优异的成绩献礼杭州亚运会 让我们一起祝贺 ...全文,4,15,63
46,1747774447,Njgm1l3rn,中国教育新闻网,2023-09-14 16:35:39,【未来教师应具备怎样的数字素养？湖南科大举行了一场研讨会】#教师#   近日，国家智慧教育平台赋能教师数字素养发展学术研讨会在湖南科技大学举行，聚焦数字时代教师数字素养提升。会议认为，国家智慧教育平台的应用为未来教师数字素养发展提供重要契机，意义重大。  “面对信息化潮流，只有积极抢占 ...全文,2,1,2
46,7870504628,NjfrWBz4A,用户7870504628,2023-09-14 14:17:29,湖南科技大学考研  求333统考资料 ,0,2,0
46,2400721805,NjeYzp4k1,抹o茶趣多多,2023-09-14 13:05:08,湖南科技大学 有生物医药上岸的学姐嘛！求真题！！ ,0,3,0
46,7470202591,NjembeXQN,我等不来柳暗花明,2023-09-14 11:30:33,湖南科技大学考研 大家333进度到哪了 ,0,5,1
46,6554124878,Njd6E7O8g,好想吃早餐na-,2023-09-14 08:19:32,湖南科技大学为什么最近看到一些穿着蓝色制服的人拿的网子，好像在到处抓学长学姐...... 湘潭·湖南科技大学知行楼 ,0,1,0
47,7870504628,Nj6pRe40p,用户7870504628,2023-09-13 15:17:38,湖南科技大学考研  求小教资料 ,0,4,0
47,3163613683,Nj5XVmmVH,嘘柱哥,2023-09-13 14:08:49,求一套 sn333背诵资料  湖南科技大学 ,0,0,0
47,6574020658,Nj5QOsLpc,薄荷巧克力_cream,2023-09-13 13:51:18,好想滚回湖南科技大学那个小破床  好想回大学 追星啊  那我要把专辑pb剪了 贴满郑在玹 我说真的 ,0,0,0
47,6628822306,Nj4Qri9N2,YIYI201607,2023-09-13 11:17:38,湖南科技大学蹲一位教育学院研二研三学长学姐请教点事情 ,0,5,0
47,7269445367,Nj3ZbghM6,薯片女孩LIGHT,2023-09-13 09:06:25,湖南科技大学#你好同学#  你好同学 开启新学期 与微博校园一起 迈向新征程吧 ,0,0,0
47,7259071336,Nj3WEo45v,来一份吖,2023-09-13 09:00:11,湖南科技大学#你好同学#  新学期新气象 与微博校园一起开启新学期吧 ,0,0,2
47,5885539809,Nj3VHxBmb,易悠岚LKD,2023-09-13 08:57:51,湖南科技大学#你好同学#  新同学马上要来学校啦  你好同学 与微博校园一起开启新学期吧！ ,0,0,5
47,7585982982,Nj3OIgHoy,柯北164,2023-09-13 08:40:37,湖南科技大学考研蹲一个822上岸的学长学姐问点事 ,0,20,4
47,6628822306,Nj1hDcHNd,YIYI201607,2023-09-13 02:13:38,湖南科技大学请问一下有没有朋友知道2023研究生入学体检形式呀，是在学校体检还是安排在医院呢，大概有哪些项目哇 ,0,2,0
48,7824720247,NiZILldxo,湖南科技大学惟新车队,2023-09-12 22:14:59,#2023中国大学生方程式系列赛事#  📣我们！新车落地@中国大学生方程式汽车大赛 @湖南科技大学 ,0,1,1
48,2240451483,NiZCGjrRu,湖南科技大学微博协会,2023-09-12 22:00:00,#湖南科技大学微博协会超话# #晚安湖科大# #湖南科技大学超话 #  晚安！ 命运全在搏击，奋斗就有希望，失败只有一种，就是放弃努力。 ,0,0,1
48,1907083277,NiXOg05tj,湖南电台,2023-09-12 17:23:01,【国家智慧教育平台赋能教师数字素养发展学术研讨会在湘举行】  国家智慧教育平台赋能教师数字素养发展学术研讨会日前在湖南科技大学举行。来自教育部、湖南省教育厅等相关职能部门的负责人、教育信息化研究基地成员、周方苗名校长工作室成员等代表齐聚一堂，共话“教育数字化”。  教育部教育技术与资 ...全文,0,0,0
48,2837462762,NiXbVgYZ8,荔枝果冻ying,2023-09-12 15:48:35,湖南科技大学 九华新都汇绿之韵公寓出租，距离科大东门电车3分钟，可做饭（燃气）十月入住、半年起租，租金900 ,0,0,0
48,5678432746,NiX4EjuHY,wo迪迦在-东北,2023-09-12 15:30:40,湖南科技大学 找一个新传上岸学姐，可以一个星期给我出两个（消息改写，采访提纲，专题策划，新闻评论），能给我批改，一份多少钱那种，有偿 ,0,4,6
48,7825654279,NiWyS2tWH,教育学言西学姐,2023-09-12 14:12:22,湖南科技大学考研  提前看看考研报名相关问题～ ,0,6,1
48,6034510895,NiWaVcFyJ,阿里嘎多美羊羊s,2023-09-12 13:13:22,湖南科技大学  国庆到底什么时候放假啊 有人有消息吗 ,0,0,0
48,7870141677,NiVL1pTDa,用户7870141677,2023-09-12 12:09:34,湖南科技大学想了解我们学校非法学考研的一些问题，有学长学姐可以解答嘛 ,0,1,0
48,2240451483,NiUUqEvam,湖南科技大学微博协会,2023-09-12 10:00:00,#湖南科技大学微博协会超话#  #早安湖科大# #湖南科技大学超话 #  早安！ 为理想的现实而生活，则生趣盎然。 ,0,1,3
49,7830321548,NiUkLe3Wo,一名编外女明星,2023-09-12 08:32:07,湖南科技大学 球马理论真题 ,0,1,0
49,7830321548,NiUks68hl,一名编外女明星,2023-09-12 08:31:21,马理论考研 求湖南科技大学的真题 ,0,6,1
49,2240451483,NiQAxFGdH,湖南科技大学微博协会,2023-09-11 23:00:01,#湖南科技大学微博协会超话# #晚安湖科大# #湖南科技大学超话 #  晚安，湖科大！ 想到和得到，中间还有两个字——就是要做到。 ,0,0,2
49,1862172703,NiQcbqcFH,集微网官方微博,2023-09-11 22:00:00,【#6所湖南高校被授予首批湖南省一流网络安全院系#】  9月11日，首批湖南省一流网络安全院系授牌仪式在湖南湘江新区举行。湖南湘江新区消息显示，本次共有6所高校被授予首批湖南省一流网络安全院系，分别为国防科技大学、湖南大学、中南大学、湘潭大学、湖南科技大学、南华大学。6所湖南高校被授予首批湖南省一流网络安全院系 ,4,1,2
49,7336824631,NiP58zdg9,别管猪猪包了,2023-09-11 19:09:54,湖南科技大学考研   接湖南科技大学小学教育845辅导 出845资料 学姐23考研一志愿上岸 专业课二845分数130➕ 性格活泼热情 可从答疑开始了解 ,0,3,1
49,6553520918,NiODq4Xkz,Delilahs_,2023-09-11 18:01:35,湖南科技大学 求311教育综合资料 ,0,0,0
49,6553520918,NiOozmXN0,Delilahs_,2023-09-11 17:25:01,湖南科技大学 有没有教育学直系学长学姐啊求带 ,0,0,3
49,6271666662,NiOgVC09Q,不要说话qywg,2023-09-11 17:06:12,湖南科技大学 科大有啥二手群嘛  求二手群 ,0,5,0
49,5579355675,NiNHsyTPg,御坂豆豆子,2023-09-11 15:38:49,湖南科技大学想问问取快递的小机器人怎么搞呢 ,0,0,0
50,5847756618,NiNmzrzr2,aweekend,2023-09-11 14:47:21,湖南科技大学 收一个校园网！ ,0,0,0
50,7769756005,NiNlHobWn,不想让你知道我的id,2023-09-11 14:45:12,湖南科技大学 求一个雨湖校区的快递地址 ,0,0,0
50,6193554397,NiNfen2jN,用户6193554397,2023-09-11 14:29:16,湖南科技大学 822自动控制原理有没有老师可以辅导研究生初试#湖南科技大学[话题]##研究生[话题]##自动控制原理[话题]#l ,0,0,0
50,6456134987,NiNfadLAO,我今天超准,2023-09-11 14:29:05,#湖南科技大学# 不是你为什么十教装修没搞完就让我们搬进来上课啊 服了 湘潭·湖南科技大学 ,0,7,2
50,7846130199,NiN9PfAFN,哎呀我是假0,2023-09-11 14:15:57,湖南科技大学 大二有机会换寝室吗真心不想住六人寝 太挤了吧 ,0,1,4
50,7868531586,NiMGFvMDT,钻石大王10086,2023-09-11 13:04:07,湖南科技大学考研 转一个司南的全程班 决定不考研了 有333的统考课程和资料和专业二的课程 下面的学校都可以选 ,0,0,0
50,6125001486,NiGpVBELf,自明诚熊,2023-09-10 21:06:24,湖南科技大学庄子《列御寇 》之十二  鲁哀公问乎颜阖曰：“吾以仲尼为贞干，国其有瘳乎？” 曰：“殆哉圾乎！仲尼方且饰羽而画，从事华辞，以支为旨，忍性以视民而不知不信；受乎心，宰乎神，夫何足以上民！彼宜女与？予颐与？误而可矣。今使民离实学伪，非所以视民也，为后世虑，不若休之。难 ...全文,0,0,0
50,7307826391,NiENV2Ijn,这里是湖南,2023-09-10 17:00:00,#2023湖南教书育人楷模# 【万步炎：向海图强，为海洋事业培育新人】万步炎，男，汉族，1964年1月生，中共党员，湖南科技大学教授，第十四届全国人大代表。他带领团队全力突破关键核心技术难题，为我国海洋矿产勘探技术和装备研发作出了开创性贡献。先后获得“全国杰出专业技术人才”“有突出贡献中青年 ...全文,2,1,3
50,2618638282,NiCsByR81,湖南日报,2023-09-10 11:02:00,#2023湖南教书育人楷模# 【万步炎：向海图强，为海洋事业培育新人】万步炎，男，汉族，1964年1月生，中共党员，湖南科技大学教授，第十四届全国人大代表。他带领团队全力突破关键核心技术难题，为我国海洋矿产勘探技术和装备研发作出了开创性贡献。先后获得“全国杰出专业技术人才”“有突出贡献中青年 ...全文,0,0,6
50,7727769904,NimbpirB5,湖南教育发布,2023-09-08 17:35:41,#2023年湖南省教书育人楷模#【万步炎：深潜入海 逐梦未来】30余年来，湖南科技大学海洋实验室主任万步炎有三分之二的时间在海上度过，他带领团队刻苦攻关，不懈钻研，实现了我国海底钻机装备与配套地质钻探技术的突破和跨越。他们钻下2000余个属于中国的海底钻探孔，映照着科学家拳拳赤子之心。近日， ...全文,1,1,10
51,7779466071,NijAj7ovO,校园小懂妹,2023-09-08 10:58:47,#湖南学子新学期元气满满# 湖南高校的新学期已经全面拉开序幕啦～你的新学期状态怎么样呢？沙沙希望大家都能拉满状态，一起开启一个元气满满的新学期！via.@湖南科技大学  长沙校园的微博视频 ,0,0,0
51,6125001486,NicyIkUOr,自明诚熊,2023-09-07 17:05:38,湖南科技大学庄子《列御寇 》之十一  宋人有曹商者，为宋王使秦。其往也，得车数乘。王说之，益车百乘。反于宋，见庄子曰：“夫处穷闾阨巷，困窘织屦，槁项黄馘者，商之所短也；一悟万乘之主而从车百乘者，商之所长也。” 庄子曰：“秦王有病召医，破痈溃痤者得车一乘，舐痔者得车五乘，所治愈 ...全文,0,0,1
51,5264701413,Ni9Tfp5vr,小康小康漂漂亮亮,2023-09-07 10:17:59,湖南科技大学考研兄弟姐妹们！正在考虑湖科大考研！我想问一下马理论研究生真的住文庙里吗？还有题出的真的很偏吗！好考吗！求回复求回复！ ,0,6,4
51,1986888471,Ni9xgnfLS,长沙校园,2023-09-07 09:23:49,#湖南高校新生军训预备备# 哈喽哈喽！是你马上要军训吗？先不要激动先和沙沙感受一下@湖南科技大学 的火力全开吧～ 看完有没有热血沸腾呢？#军训plog挑战# 长沙校园的微博视频 ,0,0,1
51,2038218622,Ni98qyC8o,湘潭台,2023-09-07 08:22:38,【“敢”在湘潭·人大代表在行动 | 刘坚：立足本职发挥专长才能更好履职】作为一名高校艺术教育工作者该如何履职？这是湖南科技大学齐白石艺术学院教授刘坚刚当选市十六届人大代表时常常思考的问题。一年多来，她不断带领学生走入社会各阶层，将艺术与地域文化相融相通，用画笔丰富人们的精神生活的同时 ...全文,0,0,0
51,6415280590,Ni4YArtji,白叔手机在充电i,2023-09-06 21:47:24,湖南科技大学永远热爱 ,0,12,31
51,5600612452,Ni3owFklH,qooipuep,2023-09-06 17:45:49,湖南科技大学#房屋出租#  科大东门恒大书香门第出租房间，环境安静，门禁安全，独立卫浴，有冰箱、洗衣机、空调，民水民电，包WIFI和物业费，详情联系VX：18235683931 ,0,0,0
51,2618638282,Ni12txsx3,湖南日报,2023-09-06 11:46:00,【依托“海牛”名片探索地方高校未来技术领军人才培养模式，这个实验班开班啦】培养未来技术领军人才，湖南科技大学跳出地方高校单一学科背景的人才培养模式，探索以学科交叉、科教协同、产教融合三方共建未来技术实验班。9月4日，湖南科技大学首届未来技术实验班开班。 目前，湖南正聚焦打造国家重要 ...全文,0,0,0
51,7727769904,NhUuyhTYF,湖南教育发布,2023-09-05 19:05:56,#我的大学梦湖南爱心助学公益活动# 【采蜂女孩撑起家的希望】公益助学，点亮希望，成就梦想。今年考上湖南科技大学的钟玉蓝出生在涟源市三甲乡长江村，5年前父母离异，有2个妹妹和1个残疾的弟弟，父亲长年在外打工。钟玉蓝70多岁的爷爷在家里养了15箱蜜蜂，她从小就跟着爷爷采蜂蜜，帮爷爷一起撑起家的 ...全文,3,4,16
51,6125001486,NhLnSA3br,自明诚熊,2023-09-04 19:54:46,湖南科技大学庄子之《列御寇 》之十  彼至人者，归精神乎无始，而甘冥乎无何有之乡。水流乎无形，发泄乎太清。悲哉乎！汝为知在毫毛，而不知大宁。  译文：那些至人，归精神于无始状态，甜瞑于无何有（乌有）之乡。水流于无形，发泄于太清。可悲啊，你为智于毫毛，而不知道大安大宁。  体会： ...全文,0,0,0
52,1653483527,NhJ7fdsoE,研招网,2023-09-04 14:08:18,【湖南科技大学2023级同等学力硕士开学，共计225人免试申请】我校2023级第一期同等学力申硕学员开班典礼在立德楼五楼报告厅举行。校党委委员、副校长李琳、周智华出席开班典礼。相关职能部门负责人、教学院和继续教育学院负责人及工作人员、225名同等学力申硕学员参加。会议由继续教育学院院长曾治国主 ...全文,0,0,1
52,1653894531,NhIazfjvs,词忆致用黄艳平,2023-09-04 11:43:44,新学期开学了，《词忆致用：考研英语词汇记忆与真题考点宝典》还余下库存2000余册，不打算卖了。近期会安排在@湘潭大学 @湖南科技大学 @湖南工程学院 线下免费发送，针对2025考研的同学，每人赠送一本。2024考研的同学，大概已经不需要词汇书了。 ,0,4,9
52,6125001486,Nhj4LCoRi,自明诚熊,2023-09-01 19:50:47,湖南科技大学庄子之《列御寇 》之九  小夫之知，不离苞苴竿牍，敝精神乎蹇浅，而欲兼济道物。太一形虚。若是者，迷惑于宇宙，形累不知太初。  译文：区区小智，离不开馈赠笼络，修书致意，（谋取私利，）在一些狭小浅显的方面劳累精神，意图达道通物。大道无形。像这样，无穷无尽的宇宙使人迷 ...全文,0,0,2
52,1986888471,NhhTYk0oy,长沙校园,2023-09-01 16:51:26,#湖南高校军训进行时# 湖南高校新生的大学第一课--军训拉开序幕！已经开始的新生们，你们坚持住了吗？即将开始的友友们，你们准备好了吗？沙沙相信你们一定行！via.@湖南科技大学 #新学期湖南高校已就位# #军训plog挑战# ,8,14,61
52,5885539809,Nhg5A0kQJ,易悠岚LKD,2023-09-01 12:14:32,湖南科技大学#第一届05后大学生来了# 要开学啦 第一届05后大学生要来了 开学了 赶紧清醒一点 早八要开始了 ,0,0,3
52,6125001486,NgRhl4F1M,自明诚熊,2023-08-29 21:04:50,湖南科技大学庄子之《列御寇 》之八   圣人以必不必，故无兵；众人以不必必之，故多兵；顺于兵，故行有求。兵，恃之则亡。   注释：① 圣人以必不必，故无兵：圣人最必要的就是不必要，（也就是不争），故无须武力。②众人以不必必之，故多兵：世人将不必要的当作必要的，故多用武力。③顺于兵 ...全文,0,0,0
52,2583571285,NgOMHfPHK,理论法学周悟阳,2023-08-29 14:43:50,035.法本法硕过线就走院校推荐（湖南）法硕 #法硕择校#   1⃣️法本法硕过线就走的院校主要推荐：吉首大学（执行B区线，难度低） 、湖南科技大学、长沙理工大学、湖南理工大学、湖南工商大学和中共湖南省委党校。  2⃣️以上几所院校报考价值最好的是湖南工商大学，难度最低的是吉首大学。  3 ...全文,3,1,12
52,7821597692,Ngwr5zWHy,街球霸王,2023-08-27 16:01:11,【街球霸王学霸周之FLYBOY】西南交大、中南大学、湖南科技大学，FLYBOY的学霸也是不遑多让，大学生就要开学啦，新学期期待所有学生球迷都可以追逐梦想，享受大学校园生活！#街球霸王成都站##街球霸王# 街球霸王的微博视频 ,0,0,0
52,2661351201,NglqHkGSq,优师聚点考研,2023-08-26 12:00:00,24届聚点专业课2半程班—强化试听课 【湖南科技大学-839学科英语】  我爱教育学 #教育学考研# #湖南科技大学# #学科英语# 优师聚点考研的微博视频 ,0,0,0
53,1747774447,Ngb3XDe40,中国教育新闻网,2023-08-25 09:36:31,【@湖南科技大学 以主题教育新成效推动学校高质量发展】  “这是学校给我们生活困难的学生发放的‘隐形’福利。”不久前，湖南科技大学教育学院学生罗同学的餐卡里又收到一笔200元餐费。罗同学说，这是今年收到学校发放的第二笔就餐补助。今年初，学校根据食堂就餐消费大数据，针对食堂就餐率高、消费 ...全文,0,0,3
53,1986888471,Ng3cah8ZW,长沙校园,2023-08-24 13:34:45,#湖南高校版斗地主# 跟随着熟悉的旋律，和沙沙一起在湖南科大打上一手好牌吧～via.@湖南科技大学 #用漫画的方式打开湖南大学# #长沙将持续高温天气# 长沙校园的微博视频 ,10,15,40
53,6399236386,Ng2AiEize,拍照的桃桃,2023-08-24 12:01:27,在长沙文和友拍的港风写真 出境：拾壹 #港风##写真#湖南约拍#少女写真#湖南科技大学#湘潭约拍##港风写真# 湘潭 ,0,1,4
53,1986888471,Ng1JbpZGh,长沙校园,2023-08-24 09:50:36,#捕捉湖南高校内多巴胺风景# 科大到底有多美呢～和沙沙一起探索吧 via.@湖南科技大学 #用漫画的方式打开湖南大学# #湖南四六级成绩出炉# 长沙校园的微博视频 ,0,0,5
53,1726918143,NfzTyw0fg,中国青年报,2023-08-21 10:59:15,【#大学生不爱运动的原因#是什么？】调查显示，66.79%的大学生认为时间不足是限制大学生体育运动的主要原因。在采访中，部分大学生表示对体育运动的兴趣并不强烈，有的仅仅只是为了体育考试过关，难以长期坚持运动。#不爱运动是因为没时间吗#？         湖南科技大学教授、体育学院体育教育系主任舒颜 ...全文,4,6,9
53,6125001486,Nfuj1A43p,自明诚熊,2023-08-20 20:45:31,湖南科技大学庄子之《列御寇 》之五  夫人以己为有以异于人以贱其亲，齐人之井饮者相捽也。故曰今之世皆缓也。自是，有德者以不知也，而况有道者乎！古者谓之遁天之刑。圣人安其所安，不安其所不安；众人安其所不安，不安其所安。  译文：①夫人以己为有以异于人以贱其亲，齐人之井饮者相捽也 ...全文,0,0,0
53,2384122784,Nf0WmbfFd,中国教育报,2023-08-17 18:00:00,【“我们的目标就是星辰大海”——访“时代楷模”、湖南科技大学教授万步炎】■强国建设 教育担当·访谈篇      人物简介      万步炎，“时代楷模”称号获得者，湖南科技大学教授、博士生导师，第十四届全国人大代表。他瞄准世界科技前沿，聚焦国家重大战略需求，30多年如一日扎根海洋资源勘探技术研究 ...全文,0,0,2
53,2126925453,NeHj5ljSQ,湖南科技大学,2023-08-15 16:01:04,#科大要闻速读#  【🥳我们，全国第21‼️】8月15日，中国青年报重磅发布2022-2023年度全国高校官微百强榜单湖南科技大学官方微信公众号入围中国大学官微影响力全国五十强，位居第21名 ,1,2,17
53,1700087532,Ne5JV0stM,三湘都市报,2023-08-11 16:22:47,【#湖南一高校年底将发射卫星#】8月8日上午，湖南科技大学与长沙天仪研究院签订全面战略合作协议。该校首颗卫星——“湖科大一号”卫星将在2023年12月26日前完成发射。湖南科技大学党委书记唐亚阳表示，“海牛号”和“湖科大星座”将是未来学校的两个重点战略发展方向，“深海”和“深空”的探索将成为 ...全文,0,0,14
54,1700087532,Ne5sj4ipv,三湘都市报,2023-08-11 15:39:24,【#湖南一高校年底将发射卫星#】8月8日上午，湖南科技大学与长沙天仪研究院签订全面战略合作协议。该校首颗卫星——“湖科大一号”卫星将在2023年12月26日前完成发射。校方相关负责人介绍，首颗卫星成功发射，标志着“湖科大星座”的开启。湖南科技大学党委书记唐亚阳表示，“海牛号”和“湖科大星座” ...全文,1,2,28
54,7727769904,NduF0glpm,湖南教育发布,2023-08-07 17:59:02,#湖南各高校2023录取通知书# 【湖南科技大学录取通知书上新 由研究生团队设计】随着录取工作的有序进行，湖南科技大学录取通知书日前正式亮相，该通知书的设计由学校设计学院的研究生团队完成，提取了办学历史、文庙等学校相关元素，折射厚重的历史文化底蕴。湖南教育发布的微博视频 ,7,7,29
54,1986888471,Nd0lKCMjX,长沙校园,2023-08-04 12:49:13,#湖南高校与你湘遇湘行#  科科走到现在用了七十余年，其文化底蕴也越来越深厚，沙沙相信以后的科科肯定会更加棒！ #进湘读书准备中# #在盛夏和湖南高校湘见# via@湖南科技大学 长沙校园的微博视频 ,0,1,5
54,7052980191,NbCMXdiWp,司南考研教育,2023-07-26 11:00:00,教育学考研 | 湖南科技大学 | 学科英语 高分答题模板卷面参考  今天给大家分享湖南科大 839学科英语 考研专业课二高分答题卷面参考！   先码再看！完整的高分试卷如图所示各个学校专业都有样板卷，由司南的高分学员书写，供各位考研的宝宝们参考，在大家的资料里面也给大家配送了样板卷方便 ...全文,16,13,29
54,1986888471,NaKfNBIB6,长沙校园,2023-07-20 16:10:00,#湖南高校录取通知书大赏# 当我收到了湖南科技大学的录取通知书…… #九月我在湖南高校等你##捕捉湖南高校的夏日美好# @湖南科技大学 长沙校园的微博视频 ,3,32,66
54,1986888471,N9XssCAzE,长沙校园,2023-07-15 11:56:36,#湖南高校拿下你的n个瞬间#欢迎报考湖南科技大学！湖南科技大学，你理想中的大学，深受父母信赖拥戴的好大学！💪💪💪（科大大）#湖南高校篮球转场##湖南降雨来袭# 长沙校园的微博视频 ,2,21,111
54,2126925453,N7YkvDzRs,湖南科技大学,2023-07-02 10:29:09,#风采科大##我在湖科大等你来#  【湖南科技大学形象片《回响》全新上线！】如果说，发声必有回响，又有哪些让你念念不忘湖南科技大学最新形象片《回响》全新上线科大人用敢为人先的实际行动作答，让梦想，有回响 湖南科技大学的微博视频 ,8,6,68
54,2126925453,N5IdceGCd,湖南科技大学,2023-06-17 13:46:34,#湖南科技大学毕业典礼##毕业季#  6月16日上午七点，湖南科技大学2023年毕业典礼暨学位授予仪式在第一田径场隆重举行学校为2023届本科生、研究生、博士生送去最诚挚的祝福，愿破浪远航，顶峰相见 湖南科技大学的微博视频 ,12,7,97
54,2126925453,N5IPYm3o8,湖南科技大学,2023-06-17 15:22:06,#毕业季##学士帽这样装饰太高级了#   学士帽代表知识和学术成就，也象征着团结和共同目标科科在昨天的#湖南科技大学毕业典礼# 上，发现了许多与众不同的学士帽🎓一起来看看吧 湖南科技大学的微博视频 ,8,5,37
55,2126925453,N5wo8mhXe,湖南科技大学,2023-06-16 07:40:33,#湖南科技大学毕业典礼##毕业季#  直播进行时🎥短短四年，成果斐然又一批优秀毕业生即将离开母校，奔赴远大前程 ,4,2,41
55,1402977920,N2OMUCOT7,光明日报,2023-05-29 13:00:08,【#造出中国人自己的深海钻机#】#聊点科技# 湖南科技大学海洋矿产资源探采装备与安全技术国家地方联合工程实验室主任万步炎：1998年，我第一次登上远洋科考船，整整一周的海上颠簸，让我吐得昏天黑地。但比晕船还难受的是，我发现船上几乎所有的钻探装备都不是国产的。更让人痛心的是，从国外高价租来 ...全文,4,2,19
55,3515639462,N1K4q0cCj,科技日报,2023-05-22 11:09:13,#时代楷模万步炎#【他在碧海深蓝里“钻”出世界第一】他像“海牛”的钻头一样，钻透一切困难。他带领团队，实现了我国海底钻机装备与配套地质钻探技术的突破。他，就是湖南科技大学海洋实验室主任万步炎。  1999年，万步炎带领团队“出道”，启动海底钻机关键技术自主研究。他的梦想，是成为我国租用国 ...全文,62,8,109
55,1726918143,N1Okznlfn,中国青年报,2023-05-22 22:00:00,#强国一代有我在#【钻下“中国孔”：向海图强！】站在数米高的“海牛Ⅱ号”面前，这个身量精瘦、满头白发的“小老头”有点不起眼。带着“海牛家族”，他用了30多年时间，实现了我国海底钻机装备与配套地质钻探技术的突破、从跟跑到并跑到领跑的跨越。 他，就是湖南科技大学海洋实验室主任万步炎。30余 ...全文,7,12,30
55,1986888471,MF7FbwjSo,长沙校园,2023-05-05 12:10:32,#湖南一学子获双蹦床个人冠军#近日，从全国蹦床锦标赛上传来捷报，湖南科技大学体育学院罗仁彬荣获男子双蹦床个人冠军。 （红网湘潭） #镜头里的湖南高校# #相册里的湖南高校# 长沙校园的微博视频 ,7,34,223
55,7727769904,MCzyDv0dy,湖南教育发布,2023-04-18 17:40:24,#湖南清廉学校# 【湖南科技大学: 建设清廉高校 守护育人净土】近年来，湖南科技大学将新时代廉洁文化建设作为重点内容融入清廉高校建设，把廉洁的思想理念、价值取向、精神追求贯穿于办学治校和人才培养全过程。@湖南科技大学 湖南教育发布的微博视频 ,7,11,57
55,1986888471,MB2J0baTM,长沙校园,2023-04-08 16:14:59,#湖南学子四月洋溢青春#放空的心，是最好的礼物，独走的路，是最美的风景！（湖南科技大学）#属于湖南春天的氛围感##湖南高校的春日碎片# 长沙校园的微博视频 ,7,23,209
55,1986888471,MzXIEFGZE,长沙校园,2023-04-01 13:40:06,#湖南高校版铃芽之旅开门转场#我出发了，去开满樱花的那里！ （湖南科技大学）#湖南治愈系风景##人间四月天好美# 长沙校园的微博视频 ,2,30,149
55,2126925453,Mz60R7FTx,湖南科技大学,2023-03-26 20:56:36,#科大要闻速读##我在湖科大等你来#  【官宣｜湖南科技大学2023年硕士研究生复试与录取工作方案】湖南科技大学2023年硕士研究生复试与录取工作方案来啦！科科祝大家一战成“硕” ,0,3,21
55,2126925453,M8bu7ua89,湖南科技大学,2022-09-30 21:14:14,#科大要闻速读##随手拍#  飒！湖南科技大学2022级新生#军训#汇演来啦~喜迎二十大，永远跟党走！滚滚硝烟，花样队列……这里，是你想看的热血青春！ 视频来源：刘谭宇浩 湖南科技大学的微博视频 ,2,2,43
56,6399236386,N2vo2xeKB,拍照的桃桃,2023-05-27 11:36:40,终于拍到了发光发丝 学士服这样拍超好看 教程在最后 #发光发丝#湖南约拍湖南科技大学#湘潭约拍##少女写真##湖南湘潭大学# 湘潭·湖南科技大学 ,0,1,6
56,2753145955,N2eGk3c5g,山东省科协,2023-05-25 17:05:00,【科学家精神】他钻下“中国孔”：向海图强！  站在数米高的“海牛Ⅱ号”面前，这个身量精瘦、满头白发的“小老头”有点不起眼。带着“海牛家族”，他用了30多年时间，实现了我国海底钻机装备与配套地质钻探技术的突破、从跟跑到并跑到领跑的跨越。  他，就是湖南科技大学海洋实验室主任万步炎。30余年 ...全文,0,0,9
57,2126925453,LFCOZyVEk,湖南科技大学,2022-08-05 20:45:33,#风采科大#  【那个12岁的“全国道德模范”，圆梦科大啦！】提起“周美玲”这个名字，每个听过的人都会竖起大拇指7年前，她舍己救人，被大货车撞上，造成腿部重伤。英雄事迹感动了无数人，并获评“全国道德模范”今年9月，她即将步入湖南科技大学，开启新的人生征程 ,0,3,31
57,3363163410,LEbHefxkv,红网,2022-07-27 09:51:57,#好评中国# 7月26日，湖南长沙，18岁的双腿截肢少年彭兰溪收到了校领导亲手送达的湖南科技大学的录取通知书。愿你今后一路坦荡勇往直前！ 红网的微博视频 ,39,1,14
57,2126925453,LDDgbdz2I,湖南科技大学,2022-07-23 18:11:55,#我在湖科大等你来#  【飞奔向你！录取通知书派送ing～】它来了！它来了！2022级小萌新的录取通知书终于来了！从湖南科技大学出发，通知书跨越山海，即将到达各位宝子手中让我们把期待值拉满，一起打开这夏日限定礼包吧↓ ,1,88,195
57,2126925453,LDvsPlNx1,湖南科技大学,2022-07-22 22:21:06,#科大要闻速读##我在湖科大等你来#  【祝贺！你被录取啦】盛夏七月，骄阳似火。湖南科技大学2022年本科招生录取工作正在进行中录取查询、通知书EMS单号查询通道现已开启。确认过眼神，你就是科科要的人！ ,0,10,43
57,6577842450,LAqYYmSVj,山西教育杂志社官博,2022-07-02 17:25:39,@湖南科技大学 @湖南科技大学微博协会 #山西高考志愿填报线上咨询会# #高考志愿# #2022山西高考加油# 【直播回放】湖南科技大学2022年在晋招生宣讲  山西教育杂志社官博的微博视频 ,18,1,15
57,2126925453,LzfrutVOf,湖南科技大学,2022-06-24 22:12:39,#我在湖科大等你来#  【刚刚放榜！多少分可以上湖南科技大学？】湖南省2022年高考分数线放榜，考生#高考成绩#也已发布。萌新们的心情是不是非常激动今年多少分才能上湖南科技大学呢？科科为大家整理了近两年学校各专业在湖南省的录取分数及位次情况，更多招生资讯请关注官方微信公众号。 ,3,19,50
57,2126925453,LxZvcdLL0,湖南科技大学,2022-06-16 15:47:31,#湖南科技大学学术权杖#  6月15日，#湖南科技大学毕业典礼# 上 ，可爱又神圣的学术权杖亮相啦快来和科科围观#湖南科技大学专属学术权杖# 吧 湖南科技大学的微博视频 ,19,28,261
58,7575030448,Ly09gE4SD,白鹿视频,2022-06-16 17:26:15,【#校长举超萌学术权杖参加毕业典礼# 网友：这就是隐藏着SCI力量的钥匙吗】6月15日，湖南湘潭。湖南科技大学的毕业典礼上，校长举着科大专属学术权杖登场。学术权杖中心的校徽被象征着“湘湖”的曲线环绕，独具科大特色。据悉，学术权杖在这次毕业典礼上首次面世，也将带着最真挚的祝福送毕业生 ...全文,14,26,705
58,1935622204,LxWxQyqen,在长沙,2022-06-16 08:15:49,#湖南科技大学学术权杖#【仪式感拉满！湖南科技大学学术权杖面世】2022年湖南科技大学毕业典礼上，学校拿出了学术权杖，学术界居然有这么可爱的东西吗？！ 视频来源丨media naranja 在长沙的微博视频 ,37,39,196
58,3708937547,LxEkufKvi,湖南事儿,2022-06-14 09:53:26,【 #湖南首个高校真冰场回归# 】近日，湖南湘潭。湖南科技大学近600平方米的真冰滑冰场重新开始营业，可同时容纳120人上冰，并配备教练进行现场指导，让当地市民实现“真冰自由”。据了解，湖南科技大学滑冰场是湖南首个高校真冰场，该校也将把体育课搬到冰上，每天开设两堂冰上课程，并根据学生的掌握 ...全文,22,44,209
74,1986888471,IyHBb5zUW,长沙校园,2020-03-15 11:50:13,#宅家云分享大赏#  湖科大最美的瞬间是什么样的 是楼宇间细碎的薄樱，是树林间氤氲的阳光 是绵绵思念等待归期的无尽浪漫♥️ @湖南科技大学 ,0,10,15
74,3266066675,IyB4kcHHX,天一洛,2020-03-14 19:12:47,#你相册里的母校照片#@湖南科技大学 幸好我摄影课老师高抬贵手让我过了，要不然看到我的图能跳起来给我一榔头念念不忘的肯定是吃的啊我爱后街物美价廉的碱面和东北小菜馆一辈子！感谢面馆大叔天天送我瘦肉猪肉牛肉板筋排骨鸡肉！人超级好！ ,0,0,1
74,6278401460,IyACb0tP0,星期七不上发条Q,2020-03-14 18:03:26,#你相册里的母校照片# 发几张照片来表达此刻非常想回学校的心情 @湖南科技大学 ,0,0,6
74,5717005761,IyAjf0kXn,你必须竭尽全力吧,2020-03-14 17:16:48,#你相册里的母校照片#@湖南科技大学 手机里学校的美景，好想回去看春天的樱花🌸 ,0,4,8
74,2673596451,Iyh9onfqR,南昌进贤发布,2020-03-12 16:30:21,进贤县00后大学生志愿者的抗“疫”心语#联防联控江西在行动# 晏志宏，19岁，共青团员，来自湖南科技大学的大一学生，报名参加团县委招募的疫情防控青年志愿服务到现在，在小区担任“宣传员”已有30多天的时间。  “小喇叭”发出“大声音”，最新的疫情动态、权威的科学防疫知识，每天身穿“红马甲”， ...全文,0,0,2
74,5515721276,IyeIHcP9V,用心教育,2020-03-12 10:19:04,发表了博文《用心教育学考研|20考研如何抢占调剂名额？》自20考研要扩招的消息官宣后，不少高校已经发布公告明确扩招，像东华理工大学、安庆师范大学、东北石油大学、湖南科技大学等都已经发布教育学调剂专业信用心教育学考研｜20考研如何抢占调剂名额？ ,2,2,2
74,2957089024,Iy83KyHUY,湖南科技大学团委学生会,2020-03-11 17:21:44,湖南科技大学| #休舱这天终于看清你们的脸# 方舱医院完成使命，白衣天使卸去重任，摘下口罩之后，终见其真挚的笑容。  感谢你们这段时间的付出，辛苦了!❤  (视频来源:央视新闻微博) 湖南科技大学团委学生会的微博视频 ,0,0,2
74,2957089024,IxOG7mr68,湖南科技大学团委学生会,2020-03-09 16:01:19,湖南科技大学   | #湖南青年抗疫#  「Hnusters·战”疫”记」  李昕霖：主动报名参加社区志愿防疫工作，为抗击疫情献出自己的一份力。 ,0,0,0
74,6577433356,IxECfavYk,研线网,2020-03-08 14:24:18,"#2020考研# #考研复试# #考研复试分数线# 大家可以在后台留言想知道的院校，我们会优先发布哦，今天研线菌为大家整理的是湖南科技大学复试相关的信息，里面包含MPAcc,MF2019年复试分数线，2020年复试科目以及湖南科技大学2019年硕士研究生复试录取工作方案（部分），一起来看看吧！《2020考研复试信息 ...全文",1,2,6
